id_dera,cod_mun,nombre,provincia,id_distrito,nombre_distrito,__did__,district_area_m2,district_area_km2,n_poi_total,n_poi_food_drink,n_poi_education,n_poi_health,n_poi_finance,n_poi_public_services,n_poi_culture_leisure,n_poi_parking_mobility,n_poi_utilities,n_poi_waste,n_poi_leisure_access,n_poi_leisure_sport,n_poi_traffic_control,n_poi_enforcement,n_poi_pt_stop,n_poi_pt_station,n_poi_pt_platform,n_poi_pt_entrance,n_poi_shop,n_poi_tourism,n_poi_office_services,n_poi_nature,n_poi_address_point,dist_pt_stop_m,dist_pt_station_m,dist_health_m,dist_education_m,dist_food_m,dist_culture_m,dist_park_access_m,amen_key,area_building_m2,pct_building,n_buildings,area_building_residential_m2,pct_building_residential,area_building_commercial_m2,pct_building_commercial,area_building_public_m2,pct_building_public,area_building_industrial_m2,pct_building_industrial,area_building_other_building_m2,pct_building_other_building,area_activity_m2,pct_activity,area_act_food_drink_m2,pct_act_food_drink,area_act_education_m2,pct_act_education,area_act_health_m2,pct_act_health,area_act_finance_m2,pct_act_finance,area_act_public_services_m2,pct_act_public_services,area_act_culture_leisure_m2,pct_act_culture_leisure,area_act_parking_mobility_m2,pct_act_parking_mobility,area_act_utilities_m2,pct_act_utilities,area_act_tourism_accommodation_m2,pct_act_tourism_accommodation,area_act_tourism_attraction_m2,pct_act_tourism_attraction,area_act_tourism_other_m2,pct_act_tourism_other,area_act_shop_m2,pct_act_shop,area_act_office_m2,pct_act_office,area_act_craft_m2,pct_act_craft,area_act_other_amenity_m2,pct_act_other_amenity,area_urban_landuse_m2,pct_urban_landuse,area_green_landuse_m2,pct_green_landuse,area_special_m2,pct_special,area_landuse_water_m2,pct_landuse_water,area_leisure_m2,pct_leisure,area_water_m2,pct_water,area_urbanized_m2,pct_urbanized,area_infra_m2,pct_infra,area_heritage_m2,pct_heritage,len_road_major,len_road_secondary,len_road_local,len_road_service,len_path_active,len_rail,len_water_linear,len_barrier_line,len_manmade_infra,len_aerialway,len_road_planned,len_road_other,green_to_building,water_to_building,activity_per_building_m2,noise_proxy_len,poi_per_km2,buildings_per_km2,roads_km_per_km2,year,quarter,price_m2,municipio,q_num,period,period_ord,mun_price_mean,price_vs_mun,price_lag_1,price_lag_4,price_next,target_delta,price_trend_4,price_vs_mun_lag_4,price_vs_mun_trend_4,appear_area_act_tourism_accommodation_m2,appear_area_act_tourism_attraction_m2,appear_area_act_tourism_other_m2,appear_area_act_office_m2,appear_area_act_culture_leisure_m2,appear_area_act_shop_m2,_q_ord,price_next_pred,delta_pred,roi_pred
11316400000648.0,29007,Alhaurín de la Torre,Málaga,3,Pinos de Alhaurín,3,23377479.849736184,23.377479849736183,353,2,0,0,0,0,1,0,89,1,2,0,77,0,2,0,2,0,0,12,0,90,38,2038.103155726572,5904.56095772834,2541.9384587619134,4736.408338548906,1817.4421556234904,2369.350796387043,1667.5167992572449,0,91134.23318540557,0.0038983771463472,441,52214.93679897854,0.0022335571299644,0.0,0.0,3014.467240417074,0.0001289474853488,422.1241807115744,1.8056872829101724e-05,35482.70496529823,0.0015178156582048,20696.03282555661,0.0008852978575357,801.7615689736461,3.429632167911778e-05,12012.242840614768,0.000513838228835,0.0,0.0,0.0,0.0,0.0,0.0,0.0,0.0,5758.751923508895,0.0002463375847407,0.0,0.0,754.9236439501359,3.229277273694903e-05,0.0,0.0,123.90341090290764,5.300118391688226e-06,28.898180547853343,1.2361546554035192e-06,0.0,0.0,0.0,0.0,1215.551257058395,5.199667649685142e-05,3685383.7280518,0.1576467502802014,11035.823201481542,0.0004720706967738,2254840.5758500886,0.0964535352118177,0.0,0.0,194.99481468062805,8.341139247429554e-06,7586846.742007906,0.3245365535880688,3688574.996787785,0.1577832606635488,0.0,0.0,7347.654959586968,0.0003143048355432,0.0,6359.549138753783,52519.908861362666,5474.670111669642,52659.58184106159,0.0,25315.708474377992,13929.87499404511,979.0458974491092,0.0,0.0,0.0,0.121094157657627,83.24914224591986,0.2270939481459731,0.0,15.10000232142147,18.86430884914127,0.0,2024,Q4,2374.0,alhaurin_de_la_torre,4,2024_Q4,20244.0,2144.4944827586205,229.5055172413795,2324.67,1958.33,,,415.6700000000001,-4.223548387097026,233.7290656284765,0,0,0,0,0,0,4,2417.993870864549,43.99387086454908,1.853153785364325
11316400000648.0,29007,Alhaurín de la Torre,Málaga,4,El Romeral - Peñón de Zapata,4,19025572.621294264,19.025572621294263,122,1,0,2,0,0,1,2,56,0,0,0,18,3,0,0,0,0,1,2,1,0,1,2368.760836217059,2436.4208356887643,482.3147072810641,3859.713474926593,2256.7149969055367,472.7318152633788,2812.797237567488,2,127656.09784718762,0.0067097112075517,84,4769.472158265458,0.000250687443327,0.0,0.0,0.0,0.0,7566.601358718282,0.0003977068921567,115320.02433020389,0.0060613168720678,104650.05488065716,0.0055004943590253,884.9618752687365,4.651433588276066e-05,0.0,0.0,0.0,0.0,0.0,0.0,0.0,0.0,0.0,0.0,2136.11678423518,0.0001122760837087,0.0,0.0,0.0,0.0,0.0,0.0,0.0,0.0,0.0,0.0,0.0,0.0,0.0,0.0,101628.97622115322,0.0053417039394338,2417223.186320714,0.1270512711725297,721656.2847832012,0.0379308575435722,0.0,0.0,0.0,0.0,0.0,0.0,3369905.90787762,0.1771250713424452,2516281.269904773,0.1322578468460097,0.0,0.0,1871.737038987608,9.83800633097727e-05,2780.469722399336,22419.06734789523,61810.79257915408,3906.1992539956127,25609.6489722976,0.0,21073.724619455905,1115.1229518030484,0.0,0.0,172.70911976249243,0.0,5.653128185395547,26.398315197486383,0.819781088758565,2780.469722399336,6.4124219769055575,4.415110213607105,0.1461438127379835,2024,Q4,2042.0,alhaurin_de_la_torre,4,2024_Q4,20244.0,2144.4944827586205,-102.4944827586205,1979.33,1837.33,,,204.67000000000007,-125.22354838709704,22.72906562847652,0,0,0,0,0,0,4,2084.336208608673,42.33620860867313,2.073271724224933
11316400000648.0,29007,Alhaurín de la Torre,Málaga,5,Centro,5,2367099.9959950447,2.3670999959950447,367,14,0,3,3,3,3,4,21,1,1,0,178,0,1,0,2,0,10,1,1,90,0,656.2634759819424,4827.125178906679,393.8753088114312,2532.6438016757847,380.7765476138042,466.543107009394,720.0600482636373,5,39537.50836041736,0.0167029311931527,73,13362.107321178017,0.0056449272712541,2195.795715760551,0.0009276311602702,679.539645359041,0.0002870768647326,0.0,0.0,23300.06567811975,0.0098432958968956,79931.18661360882,0.0337675580874683,0.0,0.0,40242.70061469241,0.0170008452041654,1795.435354228779,0.0007584957784912,0.0,0.0,4313.498594641457,0.0018222713877485,2802.500786796652,0.0011839384865608,20685.362809296217,0.0087386941169761,1677.9951875157317,0.0007088822569197,0.0,0.0,0.0,0.0,0.0,0.0,9770.504733346166,0.0041276265260771,0.0,0.0,127.25514233698094,5.37599351748076e-05,85.1877788890028,3.598824681387948e-05,1159021.3365234055,0.4896376741516551,7066.237512456571,0.0029851875816028,0.0,0.0,0.0,0.0,0.0,0.0,1159021.3365234192,0.4896376741516607,1160769.0514317427,0.4903760100526707,19375.645171847074,0.0081853936059436,93.85539415301032,3.96499490143241e-05,0.0,6541.868816452901,22955.58745388645,1080.4811790274666,4916.99692318891,0.0,2852.23320643449,1435.536018832522,0.0,0.0,418.30736618512304,0.0,0.1787223779471179,29.314475913066115,2.0216546243366618,0.0,155.0420348193724,30.83942381965718,0.0,2024,Q4,2512.0,alhaurin_de_la_torre,4,2024_Q4,20244.0,2144.4944827586205,367.5055172413795,2469.67,2370.0,,,142.0,407.4464516129031,-39.940934371523554,0,0,0,0,0,0,4,2561.528237308066,49.528237308065854,1.9716654979325579
11316400000648.0,29007,Alhaurín de la Torre,Málaga,6,Platero - El Limón,6,1405945.27145155,1.40594527145155,131,5,0,2,1,1,0,4,55,0,1,1,19,0,0,0,1,0,0,0,0,36,0,663.1483719125066,6137.977994201942,594.4791981287005,2839.001458648726,578.6091018502957,1009.0865439182749,615.6863418866009,3,25912.87494727429,0.0184309272013987,19,1287.565399128031,0.0009158005117785,943.9941056555588,0.000671430193496,371.9167397684906,0.0002645314489265,0.0,0.0,23309.398702722203,0.0165791650471975,28487.17607847837,0.0202619381116216,0.0,0.0,0.0,0.0,0.0,0.0,0.0,0.0,0.0,0.0,0.0,0.0,12863.762232130995,0.0091495469228684,0.0,0.0,0.0,0.0,0.0,0.0,0.0,0.0,15623.413846347374,0.0111123911887531,0.0,0.0,0.0,0.0,0.0,0.0,682397.8306761209,0.4853658563619536,32353.262732801108,0.0230117511611233,0.0,0.0,0.0,0.0,0.0,0.0,710843.6840758384,0.5055984030885762,682397.830676121,0.4853658563619537,0.0,0.0,0.0,0.0,0.0,1001.2661903486722,12624.2606088372,378.9929960366188,4830.941404578276,0.0,1269.2599685813686,265.57018659143614,0.0,0.0,0.0,0.0,1.248540071195602,27.43206554636572,1.0993444816656874,0.0,93.17574635373305,13.514039547488,0.0,2024,Q4,2234.0,alhaurin_de_la_torre,4,2024_Q4,20244.0,2144.4944827586205,89.5055172413795,2004.0,1930.0,,,304.0,-32.55354838709695,122.05906562847645,0,0,0,0,0,0,4,2280.3038658341807,46.30386583418067,2.0726887123626083
11316400000648.0,29007,Alhaurín de la Torre,Málaga,7,Jardines de Alhaurín - Huerta Alta - Fuensanguínea,7,1449324.8782571352,1.449324878257135,171,3,0,2,2,0,0,2,9,0,2,0,83,1,2,0,1,0,3,0,2,53,0,716.7185328411439,5778.1775955053445,611.6154650435545,1851.29384829792,358.6597404897852,769.4977345979541,544.4755270419405,2,23043.088345553475,0.0158991877468243,33,3011.1818843584515,0.0020776445154101,25.247057070433435,1.7419874211221656e-05,2484.0516957521418,0.001713937111698,0.0,0.0,17522.60770837245,0.0120901862455048,12595.924454590377,0.0086908909407098,0.0,0.0,11266.564468465154,0.0077736638882605,0.0,0.0,0.0,0.0,0.0,0.0,0.0,0.0,1056.4011485689357,0.0007288918891941,0.0,0.0,0.0,0.0,0.0,0.0,0.0,0.0,272.9588375562892,0.0001883351632551,0.0,0.0,0.0,0.0,0.0,0.0,894216.1360503163,0.6169880538624598,0.0,0.0,0.0,0.0,0.0,0.0,0.0,0.0,894216.1360503151,0.616988053862459,894216.1360503163,0.6169880538624598,0.0,0.0,40.86400675365901,2.819520134284829e-05,0.0,464.7231556265783,19891.81468111132,517.1327628305412,3592.123070247901,0.0,0.0,731.8782669901885,0.0,0.0,0.0,0.0,0.0,38.80626253746329,0.5466248388738366,0.0,117.98596889169087,22.769222066817537,0.0,2024,Q4,2369.67,alhaurin_de_la_torre,4,2024_Q4,20244.0,2144.4944827586205,225.1755172413796,2212.0,2128.67,,,241.0,166.11645161290312,59.059065628476446,0,0,0,0,0,0,4,2416.769367495467,47.09936749546705,1.9875918374907497
11316400000648.0,29007,Alhaurín de la Torre,Málaga,8,Capellanía - Retamar,8,5575518.436959334,5.575518436959333,122,3,0,2,1,1,0,2,18,0,2,1,53,1,0,0,1,0,8,1,0,0,1,1224.356812909754,3791.226764370449,1139.410289535235,1276.683609538206,1038.4090686763063,2168.4052701917144,1059.3997671410225,3,317420.60598987225,0.0569311373603816,497,85348.21384079962,0.0153076731439068,80831.46165584002,0.0144975687139727,0.0,0.0,131669.77086950495,0.0236157000211288,19571.159623727264,0.0035101954813731,102592.02346256936,0.0184004455590176,2362.2332521799,0.0004236795696918,39608.42078677425,0.0071039888459906,0.0,0.0,0.0,0.0,0.0,0.0,161.4729192420809,2.8961059149531182e-05,8233.172874782971,0.00147666498961,5669.013631962326,0.0010167688791742,1492.3418603657624,0.0002676597481004,0.0,0.0,0.0,0.0,46266.60316396067,0.0082981705983188,0.0,0.0,0.0,0.0,146.56823377008195,2.6287821559068223e-05,2357879.6639230857,0.4228987296128428,589792.8092548692,0.105782595093797,2945.3844338441027,0.0005282709522256,0.0,0.0,0.0,0.0,2950287.575702858,0.5291503577758462,2438836.1142916107,0.4374187157421821,14619.225819113495,0.0026220388264174,0.0,0.0,7439.531153068277,14648.3899646493,39448.50399683534,5593.96078953243,16377.493224753456,0.0,4396.481812982122,826.5911818233208,0.0,0.0,1278.6500970790662,0.0,1.8580797784496363,9.29456853153288,0.3232053040233926,7439.531153068277,21.88137325334251,89.13969267960023,1.3343209671324308,2024,Q4,2243.33,alhaurin_de_la_torre,4,2024_Q4,20244.0,2144.4944827586205,98.83551724137942,2219.0,2010.67,,,232.65999999999983,48.11645161290312,50.7190656284763,0,0,0,0,0,0,4,2292.7398648970093,49.409864897009356,2.2025232532444785
11316400000648.0,29007,Alhaurín de la Torre,Málaga,9,Manantiales - Lagar - Cortijo,9,3998852.600691572,3.998852600691572,60,2,1,1,0,1,0,0,7,1,3,0,21,1,2,0,2,0,2,2,0,2,1,1185.270220281171,4582.283886862417,781.2103173996204,945.9702287367232,780.121843519506,2065.921690217288,629.0662328776349,3,20962.58385756993,0.0052421496741201,93,15401.796902376003,0.0038515540432053,3502.0140289082,0.0008757547173163,0.0,0.0,0.0,0.0,2058.7729262857315,0.0005148409135984,14257.543629947217,0.0035654086443399,0.0,0.0,11358.988382211255,0.0028405619102456,0.0,0.0,0.0,0.0,0.0,0.0,0.0,0.0,2057.326426127847,0.0005144791847971,0.0,0.0,0.0,0.0,0.0,0.0,64.50268435556322,1.6130298062101103e-05,760.2065513305724,0.0001901061697545,0.0,0.0,0.0,0.0,16.51958592197859,4.131081480503094e-06,1841974.2682261155,0.4606256974582058,977.4353926195158,0.0002444289625605,0.0,0.0,0.0,0.0,12651.040023562491,0.0031636675033669,2534101.2015651152,0.6337070791573716,1841974.268226116,0.4606256974582059,14466.48748741018,0.0036176595968824,0.0,0.0,0.0,2253.476748173452,30459.95715401165,451.8111754436013,13341.774949380651,0.0,2413.6642953005085,946.2480709504366,0.0,0.0,0.0,0.0,0.0466276199162308,120.88687247059585,0.6801424731865026,0.0,15.0043039820031,23.2566711721048,0.0,2024,Q4,2028.0,alhaurin_de_la_torre,4,2024_Q4,20244.0,2144.4944827586205,-116.4944827586205,2030.0,1967.33,,,60.67000000000007,4.776451612902974,-121.27093437152348,0,0,0,0,0,0,4,2072.45081928579,44.4508192857902,2.191854994368353
11316400000658.0,29023,Benahavís,Málaga,1,La Zagaleta,1,69758876.23668703,69.75887623668703,567,0,0,0,0,0,0,3,22,0,0,47,105,2,0,0,0,0,0,2,0,13,0,11660.007882284182,11387.547911140677,5549.231312462509,5432.666598453458,3731.968384994047,6095.683758904705,4984.63301326115,0,24582.854917785324,0.0003523975190537,94,1492.3961569386029,2.1393638164052503e-05,0.0,0.0,0.0,0.0,0.0,0.0,23090.458760846726,0.0003310038808896,9783.638054174307,0.0001402493644103,224.3990290921857,3.216781020537306e-06,0.0,0.0,0.0,0.0,0.0,0.0,0.0,0.0,0.0,0.0,9060.679191384115,0.0001298856816534,0.0,0.0,404.8588481005779,5.803689364589532e-06,80.72686692549857,1.1572271699388891e-06,0.0,0.0,0.0,0.0,0.0,0.0,0.0,0.0,12.974118671929247,1.859852017671409e-07,151074.110164309,0.0021656614658144,49472.72018724069,0.0007091960601455,0.0,0.0,0.0,0.0,0.0,0.0,7161637.000615597,0.1026627346506652,173348.74761440515,0.0024849704720908,121874.7654213328,0.0017470861343554,0.0,0.0,13481.906593514988,0.0,48870.48342764894,26984.70809315752,163105.3917158381,0.0,113935.12871401547,15879.992059701057,530.7414547878668,0.0,1881.478018769548,392.53733138229353,2.0124887996404124,291.3264966284666,0.3979862423016623,13481.906593514988,8.127997906333931,1.3474987710677064,0.1932643890043729,2024,Q4,6725.33,benahavis,4,2024_Q4,20244.0,4744.213928571428,1981.116071428572,6648.33,6533.33,,,192.0,2140.555357142857,-159.4392857142857,0,0,0,0,0,0,4,6838.253777576498,112.92377757649774,1.6790815852381629
11316400000658.0,29023,Benahavís,Málaga,2,Montemayor - Marbella Club,2,36393090.1414079,36.3930901414079,269,0,0,0,0,0,3,0,33,0,0,0,101,0,0,0,0,0,0,0,0,1,0,10435.076073813532,9351.346927692262,3515.497458829898,3558.7680443978024,3469.344420423433,2338.3303187093434,3562.121426744809,0,29683.95789689918,0.0008156481843547,76,660.2957519347854,1.8143437376962494e-05,0.0,0.0,0.0,0.0,0.0,0.0,29023.6621449644,0.0007975047469778,4079.731518421465,0.0001121018166517,0.0,0.0,0.0,0.0,0.0,0.0,0.0,0.0,0.0,0.0,0.0,0.0,4079.731518421465,0.0001121018166517,0.0,0.0,0.0,0.0,0.0,0.0,0.0,0.0,0.0,0.0,0.0,0.0,0.0,0.0,0.0,0.0,11665.700612953447,0.0003205471304477,0.0,0.0,0.0,0.0,0.0,0.0,0.0,0.0,1020901.2512470996,0.0280520628306174,41349.65850985264,0.0011361953148024,0.0,0.0,0.0,0.0,5499.540140260488,6586.981234793679,36814.67403038898,5353.319210629412,109381.31904002534,0.0,65402.38142935037,286.9085070977039,6534.065246834891,0.0,6098.49575005824,0.0,0.0,34.392356125776324,0.1374389335968637,5499.540140260488,7.391513030489624,2.088308514190377,0.1511149539347068,2024,Q4,4499.33,benahavis,4,2024_Q4,20244.0,4744.213928571428,-244.88392857142844,4494.0,4541.33,,,-42.0,148.55535714285725,-393.4392857142857,0,0,0,0,0,0,4,4608.602416789414,109.27241678941391,2.4286375257963724
11316400000658.0,29023,Benahavís,Málaga,3,Benahavís,3,6887342.309111344,6.887342309111344,309,18,2,2,5,4,1,1,29,17,3,1,72,0,0,0,1,0,5,8,3,3,0,8207.40777958216,7375.274088471826,612.5403808575431,744.9227547844815,544.0246801710567,1046.472192283198,777.6818772651368,3,100885.96408972934,0.0146480252558764,744,6610.185969179836,0.0009597585937372,0.0,0.0,1607.4909369156985,0.0002333978572241,0.0,0.0,92668.28718363376,0.013454868804915,11652.626865185392,0.0016918901866936,0.0,0.0,0.0,0.0,0.0,0.0,0.0,0.0,507.86012707813006,7.373818583204092e-05,0.0,0.0,11102.326044070993,0.0016119898715334,0.0,0.0,0.0,0.0,0.0,0.0,0.0,0.0,0.0,0.0,0.0,0.0,0.0,0.0,6.794801193800561,9.865635957736036e-07,0.0,0.0,28706.068595971392,0.0041679456759388,1049.0374467895977,0.0001523138243618,0.0,0.0,2899.910778602666,0.0004210493174945,141902.23405165877,0.0206033369161766,103707.7625486958,0.0150577331420713,14588.355930738266,0.0021181401004911,33.555976712722824,4.872122686327241e-06,0.0,1457.6412803684184,17995.04795861976,4892.307615766993,39908.82862222168,0.0,14847.694804188755,2925.0631896405644,0.0,0.0,224.54861822539456,0.0,0.284539765810785,1.4065607176439574,0.1155029539560715,0.0,44.86491103995519,108.02425182435812,0.0,2024,Q4,4099.0,benahavis,4,2024_Q4,20244.0,4744.213928571428,-645.2139285714284,3933.67,3689.67,,,409.3299999999999,-703.1046428571426,57.89071428571424,0,0,0,0,0,0,4,4218.043055915958,119.04305591595767,2.9041975095378794
11316400000658.0,29023,Benahavís,Málaga,5,La Quinta,5,3793344.902404999,3.793344902404999,362,1,0,1,0,0,0,2,4,0,0,291,23,0,0,0,1,0,0,3,0,0,0,3915.294085815932,3886.6382692549,985.2960018493516,3087.676867469569,1624.564892983794,3219.2703381586425,2202.277482350049,2,26091.42183738936,0.0068782097353834,87,5123.178583018681,0.0013505701998704,0.0,0.0,0.0,0.0,0.0,0.0,20968.24325437068,0.005527639535513,565.8893079891345,0.0001491795031952,0.0,0.0,0.0,0.0,0.0,0.0,0.0,0.0,0.0,0.0,0.0,0.0,565.8893079891345,0.0001491795031952,0.0,0.0,0.0,0.0,0.0,0.0,0.0,0.0,0.0,0.0,0.0,0.0,0.0,0.0,0.0,0.0,193841.67246005643,0.051100460793101,1117.7992165520322,0.0002946737629481,0.0,0.0,0.0,0.0,0.0,0.0,679691.6147205068,0.1791800197998286,206748.35977752024,0.0545029163170585,548.7278139340539,0.0001446553972949,0.0,0.0,2764.352534433836,5408.142695396778,28928.25930954362,3139.6804348697906,3976.5696564011337,0.0,7485.134097945276,605.4127232994113,1076.1418475614223,0.0,0.0,0.0,0.0428416367446625,26.05038617406619,0.0216887110060256,2764.352534433836,95.43028891743808,22.934903690102523,0.7287374614106993,2024,Q4,5350.67,benahavis,4,2024_Q4,20244.0,4744.213928571428,606.4560714285717,5348.0,5265.0,,,85.67000000000007,872.2253571428573,-265.7692857142856,0,0,0,0,0,0,4,5473.196526340511,122.52652634051083,2.289928669503274
11316400000658.0,29023,Benahavís,Málaga,6,Los Arqueros - Puerto del Almendro,6,5217370.470537377,5.217370470537377,279,1,0,0,0,0,0,2,13,0,0,185,19,0,0,0,0,0,0,0,0,0,1,4610.277855701335,3898.720258574377,1088.6116535230228,2862.017651121504,575.9810978720266,2571.809753979614,1605.6558532509598,0,3870.912060600548,0.0007419277742417,12,3256.553618287234,0.0006241752692619,0.0,0.0,116.19082865774892,2.226999775344332e-05,0.0,0.0,498.1676136555651,9.548250722633752e-05,8718.226931877287,0.0016710001678257,0.0,0.0,0.0,0.0,0.0,0.0,0.0,0.0,0.0,0.0,0.0,0.0,8602.036103219538,0.0016487301700723,0.0,0.0,0.0,0.0,0.0,0.0,0.0,0.0,0.0,0.0,0.0,0.0,0.0,0.0,0.0,0.0,0.0,0.0,0.0,0.0,0.0,0.0,0.0,0.0,0.0,0.0,236874.47592972688,0.0454011225132206,3870.912060600548,0.0007419277742417,0.0,0.0,0.0,0.0,4242.417389611357,5837.521768081352,19371.19182115243,3505.4621221470265,17258.63591669245,0.0,8113.325831218519,2557.6027841324417,1948.7487520694624,0.0,0.0,0.0,0.0,61.193453160437805,2.252241020498013,4242.417389611357,53.47521353438864,2.3000091842747805,0.8131332466360968,2024,Q4,4312.67,benahavis,4,2024_Q4,20244.0,4744.213928571428,-431.5439285714283,4154.67,3813.0,,,499.6700000000001,-579.7746428571427,148.23071428571438,0,0,0,0,0,0,4,4436.042657454174,123.37265745417426,2.860702475593409
11316400000658.0,29023,Benahavís,Málaga,8,El Paraíso,8,2089775.8491834777,2.0897758491834777,363,3,0,0,0,0,1,4,11,2,1,163,75,0,0,0,0,0,0,1,0,8,1,5714.632023544783,4363.7618564603645,2238.633401359173,3297.7578044582524,559.8020872959006,629.1469466152327,545.1685580078034,0,20815.459296717698,0.0099606181710113,119,0.0,0.0,0.0,0.0,0.0,0.0,0.0,0.0,20815.459296717698,0.0099606181710113,41155.15647794135,0.0196935745496444,0.0,0.0,0.0,0.0,0.0,0.0,0.0,0.0,0.0,0.0,747.1840508996686,0.000357542676738,6184.830250480158,0.0029595663347802,0.0,0.0,35417.90246148541,0.0169481824930286,0.0,0.0,0.0,0.0,0.0,0.0,0.0,0.0,0.0,0.0,0.0,0.0,767196.9529911522,0.3671192550583419,14413.595558963922,0.0068971969240603,0.0,0.0,0.0,0.0,0.0,0.0,857767.8316289623,0.410459251868621,769554.2515910093,0.3682472701039642,1332.9129972850192,0.0006378258212744,0.0,0.0,271.9073209155364,156.20278167875983,14352.036268612212,3088.896296721844,6578.926137826708,0.0,2264.030105730844,292.9513134125918,0.0,0.0,4671.153581367479,0.0,0.692446674022912,41.20821065538592,1.9771438088062647,271.9073209155364,173.7028400159913,56.943906231137646,0.1301131511409592,2024,Q4,4415.67,benahavis,4,2024_Q4,20244.0,4744.213928571428,-328.5439285714283,4251.67,4075.67,,,340.0,-317.1046428571426,-11.439285714285688,0,0,0,0,0,0,4,4540.169617714188,124.49961771418748,2.8194955174228933
11316400000658.0,29023,Benahavís,Málaga,9,Los Flamingos,9,4698614.98774434,4.69861498774434,99,1,0,0,0,0,1,1,9,0,0,5,17,0,0,0,0,0,0,2,1,0,0,7793.936661916358,6399.536076339279,2019.471610042627,4724.967965292741,1426.6381785276187,757.672417110287,1644.0679772432022,0,26544.61403124195,0.005649455020358,76,0.0,0.0,0.0,0.0,0.0,0.0,0.0,0.0,26544.61403124195,0.005649455020358,3947.837796114983,0.0008402130854331,0.0,0.0,0.0,0.0,0.0,0.0,0.0,0.0,0.0,0.0,0.0,0.0,3719.189085282279,0.000791550083372,0.0,0.0,49.188982518414974,1.0468825951204206e-05,0.0,0.0,130.56137513783963,2.7787204416278023e-05,0.0,0.0,0.0,0.0,0.0,0.0,48.89835317644877,1.040697169357206e-05,1975.1452151173755,0.0004203675381509,0.0,0.0,0.0,0.0,0.0,0.0,0.0,0.0,618827.6690289825,0.1317042725660871,28519.759246359325,0.006069822558509,0.0,0.0,0.0,0.0,4361.203191785265,2151.893029561264,17672.22170304511,1708.4219159276804,20993.606742216656,0.0,9883.872936013544,0.0,0.0,0.0,3090.535527454605,0.0,0.0,23.31273938575013,0.1487246260698992,4361.203191785265,21.07003877913539,16.174979264790807,0.9281890946929756,2024,Q4,4738.0,benahavis,4,2024_Q4,20244.0,4744.213928571428,-6.213928571428369,4482.33,4306.33,,,431.6700000000001,-86.44464285714275,80.23071428571438,0,0,0,0,0,0,4,4856.31177714186,118.31177714186015,2.497082675007601
11316400000457.0,29025,Benalmádena,Málaga,1,Torremuelle,1,1604158.4805782004,1.6041584805782003,389,9,0,0,0,0,0,0,1,0,3,270,69,0,2,1,3,0,2,4,0,0,0,273.09822421788,270.6147779344239,1356.8061048720892,2284.6348974382586,397.9017442117996,1668.3143435649154,251.92923385113568,3,37606.97785207849,0.0234434305010334,45,572.2862429288749,0.0003567516862315,14460.059840587432,0.0090141092763948,0.0,0.0,0.0,0.0,22574.63176856219,0.014072569538407,24484.14035856782,0.0152629186299241,2217.653421271787,0.0013824403561875,0.0,0.0,0.0,0.0,0.0,0.0,0.0,0.0,0.0,0.0,6853.336345168972,0.004272231470982,0.0,0.0,15413.150592127056,0.0096082468027545,0.0,0.0,0.0,0.0,0.0,0.0,0.0,0.0,0.0,0.0,0.0,0.0,5775.942507425808,0.0036006059110468,0.0,0.0,0.0,0.0,0.0,0.0,0.0,0.0,104017.0896040432,0.0648421529813883,43382.9203595043,0.0270440364120803,31.946979341554226,1.9915101736107337e-05,0.0,0.0,6916.272723996498,540.5397503082119,18940.705019458102,2345.813613914239,4735.312193173353,3188.594350088525,1354.9800235509465,0.0,0.0,0.0,0.0,0.0,0.0,2.7658986587652223,0.6510531224875747,10104.867074085025,242.49474394811008,28.05209120222353,4.311464738511127,2024,Q4,3645.67,benalmadena,4,2024_Q4,20244.0,3241.9636111111117,403.7063888888888,3571.67,3154.0,,,491.6700000000001,278.129722222222,125.57666666666682,0,0,0,0,0,0,4,3740.1504287911994,94.4804287911993,2.5915792924537686
11316400000457.0,29025,Benalmádena,Málaga,2,El Higuerón - Capellanía,2,2875047.348951396,2.875047348951396,741,1,0,1,0,0,0,0,17,0,1,646,51,0,0,0,1,0,2,2,0,0,0,1506.729200113069,1504.0385330302572,789.3893100047196,3048.8446512918968,752.3846458007927,1362.372895415829,962.4872139560948,2,27893.71080154117,0.0097020004946056,26,3852.015022807269,0.0013398092466936,20144.952278725606,0.0070068245262371,0.0,0.0,0.0,0.0,3896.743500008307,0.0013553667216748,20922.62304036895,0.0072773142494505,0.0,0.0,0.0,0.0,0.0,0.0,0.0,0.0,0.0,0.0,0.0,0.0,2681.885547850689,0.0009328143930668,155.84482981685096,5.420600459804309e-05,16800.46107292542,0.0058435423955897,0.0,0.0,0.0,0.0,1284.4315897759934,0.0004467514561958,0.0,0.0,0.0,0.0,0.0,0.0,651695.7137943725,0.2266730368917447,0.0,0.0,0.0,0.0,0.0,0.0,0.0,0.0,653132.4464657898,0.2271727617647772,676075.9684782973,0.2351529858194787,1994.466224321574,0.0006937159574255,1994.466224321574,0.0006937159574255,1162.2940083117774,2771.576598932202,30067.489391625622,2469.4957043262684,1800.887272422279,2677.614329321495,3716.358563000466,34.86086838194005,0.0,0.0,469.8470080622657,19.87290315336136,0.0,23.41504330812408,0.7500838876720145,3839.908337633272,257.73488574727713,9.043329324465864,0.404269518808341,2024,Q4,4313.0,benalmadena,4,2024_Q4,20244.0,3241.9636111111117,1071.0363888888887,4212.0,3859.0,,,454.0,983.129722222222,87.90666666666675,0,0,0,0,0,0,4,4408.716802027815,95.71680202781499,2.2192627411967307
11316400000457.0,29025,Benalmádena,Málaga,3,Benalmádena Pueblo,3,8324811.720531397,8.324811720531397,455,25,0,3,2,3,2,0,45,0,2,195,66,0,0,0,6,0,9,33,0,15,5,2341.902237988174,2343.195356082558,845.1656190584583,2065.983171434731,777.921750955523,850.9269782479947,1028.8973318165554,7,81626.36187492324,0.0098051901490587,362,0.0,0.0,1022.7431299245238,0.0001228548061215,685.7613829813594,8.23756027166444e-05,0.0,0.0,79917.85736201734,0.0095999597402205,11813.929204985849,0.0014191226902885,0.0,0.0,0.0,0.0,0.0,0.0,0.0,0.0,724.5102871168185,8.703023100570145e-05,0.0,0.0,7880.74698022104,0.0009466576836548,0.0,0.0,91.16038587939656,1.0950444158943396e-05,1727.3647518432094,0.0002074959542427,0.0,0.0,0.0,0.0,0.0,0.0,0.0,0.0,27.80633787733224,3.34017618785945e-06,1368703.459125555,0.1644125422980961,29805.47132064782,0.0035803177682852,0.0,0.0,0.0,0.0,11125.119572941752,0.001336380923247,2988288.385601553,0.358961678164032,1389511.2557498568,0.1669120338569243,1126.5960777976163,0.0001353299168339,1126.5960777976163,0.0001353299168339,6450.014960317297,3706.270745246835,28883.541448981487,3680.182057307822,20414.19466484013,0.0,9102.965887622857,132.63104120972122,0.0,0.0,0.0,0.0,0.3651451643275961,36.609354097441255,0.1447317868085766,6450.014960317297,54.65589076060882,43.48446693481405,0.7747940946711974,2024,Q4,2911.67,benalmadena,4,2024_Q4,20244.0,3241.9636111111117,-330.2936111111112,2872.67,2719.67,,,192.0,-156.20027777777796,-174.09333333333325,0,0,0,0,0,0,4,3001.817417646008,90.14741764600785,3.0960726196996173
11316400000457.0,29025,Benalmádena,Málaga,4,Montealto,4,4280430.73833311,4.28043073833311,746,4,1,2,0,0,1,0,21,9,8,524,78,0,0,0,8,0,5,14,3,8,0,2212.1888314769403,2221.1590392105404,919.1356893901228,1000.2918274190224,1051.4326548885151,812.6519731775957,1041.323557309528,11,47741.16911481565,0.0111533562936255,53,12514.963934647054,0.0029237627471857,162.76074876148334,3.802438556098815e-05,7624.288086742126,0.0017811964619502,0.0,0.0,27439.156344665,0.0064103726989285,53338.56101881423,0.0124610265366857,162.76074876148334,3.802438556098815e-05,21330.988363034645,0.0049833742599795,7624.288086742126,0.0017811964619502,0.0,0.0,0.0,0.0,0.0,0.0,20367.270587243354,0.0047582292139072,0.0,0.0,0.0,0.0,170.87032858643911,3.991895653309406e-05,0.0,0.0,1243.9535281288008,0.0002906141003494,0.0,0.0,0.0,0.0,3192.698421357512,0.0007458825096188,3746.531521069463,0.0008752697450557,1942.990078906304,0.0004539239617887,145470.7513077537,0.0339850730453363,0.0,0.0,0.0,0.0,2723602.938421396,0.6362917904570567,51487.70063588511,0.0120286260386812,0.0,0.0,0.0,0.0,2378.564156229372,1790.9098390411298,23412.21442243802,3895.222471271575,14876.157820284085,441.7024799760817,1.8908374213891368,633.2438340863889,579.4863452211584,966.5336634045548,0.0,0.0,0.0406984184696606,57.04935569998688,1.117244550283631,2820.266636205453,174.28152576310768,12.381931455019716,0.5556833649773373,2024,Q4,3152.33,benalmadena,4,2024_Q4,20244.0,3241.9636111111117,-89.63361111111135,3084.67,2819.0,,,333.3299999999999,-56.87027777777803,-32.76333333333332,0,0,0,0,0,0,4,3241.036982339854,88.70698233985422,2.814013201024456
11316400000457.0,29025,Benalmádena,Málaga,5,Torrequebrada,5,3304891.04534015,3.3048910453401503,694,37,0,4,6,0,0,2,3,7,3,410,92,0,1,0,8,0,9,8,2,42,1,1203.9628784760826,1662.7450877864778,756.7842394792866,1295.4715142533917,650.8895417197803,1530.1173955620766,852.2358096400321,11,74287.81836907075,0.0224781444682769,78,19053.73416351435,0.0057653138642436,11456.51684639675,0.0034665339005805,0.0,0.0,0.0,0.0,43777.56735915968,0.0132462967034527,38117.37283110605,0.0115336246515149,181.40091458646447,5.488862177233869e-05,0.0,0.0,0.0,0.0,0.0,0.0,0.0,0.0,1526.1309242234377,0.000461779496899,23217.97237837384,0.0070253367084857,0.0,0.0,13191.868613922312,0.0039916198243577,0.0,0.0,0.0,0.0,0.0,0.0,0.0,0.0,0.0,0.0,0.0,0.0,42877.98692284769,0.0129741000034797,0.0,0.0,0.0,0.0,0.0,0.0,0.0,0.0,788058.8347659388,0.2384522890329745,113021.6448113264,0.0341982967852103,699.2062149477921,0.0002115671002024,29.111230318490307,8.808529515530242e-06,6940.727309486003,0.0,37264.82357053492,3273.9057693579043,16745.5459795148,1476.7149118655311,1108.5218784831166,2099.543467957132,0.0,0.0,0.0,0.0,0.0,10.60818384570348,0.5131039471535063,8417.442221351534,209.99179412541608,23.60138320141564,2.1001380118937143,2024,Q4,3378.0,benalmadena,4,2024_Q4,20244.0,3241.9636111111117,136.03638888888872,3152.67,2798.0,,,580.0,-77.87027777777803,213.90666666666675,0,0,0,0,0,0,4,3467.82330058898,89.82330058898015,2.659067512995268
11316400000457.0,29025,Benalmádena,Málaga,6,Santangelo,6,1931391.4802289712,1.9313914802289711,254,1,0,0,0,0,0,0,13,12,0,93,44,0,0,0,7,0,0,7,0,24,0,1688.5323336541628,1695.0367976001562,1248.5967035834149,843.6400333683434,324.02488912717075,601.7291935720905,1223.818685052115,7,10013.451932176902,0.0051845791154622,21,3834.000727981753,0.0019850976703734,29.98461078172886,1.5524874728231748e-05,0.0,0.0,1094.099798530946,0.0005664826679266,5055.366794882475,0.0026174739024338,1228.6438415277032,0.0006361443830031,0.0,0.0,0.0,0.0,0.0,0.0,0.0,0.0,0.0,0.0,0.0,0.0,1224.3376269741934,0.0006339147912307,0.0,0.0,0.0,0.0,0.0,0.0,4.306214553509785,2.2295917723522696e-06,0.0,0.0,0.0,0.0,0.0,0.0,0.0,0.0,0.0,0.0,8845.381501211816,0.0045797973076712,0.0,0.0,0.0,0.0,4241.659246255926,0.0021961675246455,1101913.5074010156,0.5705283049453967,14255.11117843283,0.0073807466401078,1395.2239033803748,0.0007223931127701,0.0,0.0,5181.620422976285,1561.995633981214,13066.242443735586,2149.1592918590827,6705.737696978848,0.0,0.0,422.6800885167577,0.0,990.6530517541656,0.0,0.0,0.8833498737737986,110.0433211997672,0.1226993298341923,5181.620422976285,131.51140128768077,10.872989870241325,2.682843160497939,2024,Q4,2686.33,benalmadena,4,2024_Q4,20244.0,3241.9636111111117,-555.6336111111113,2620.0,2369.67,,,316.65999999999985,-506.200277777778,-49.433333333333394,0,0,0,0,0,0,4,2774.8824499477187,88.55244994771874,3.2964099700229963
11316400000457.0,29025,Benalmádena,Málaga,7,Arroyo de la Miel,7,2585926.358076585,2.585926358076585,1208,141,7,22,27,10,7,7,13,37,14,262,194,0,5,1,23,0,194,12,12,63,7,193.65014687487005,192.8013032072884,119.82006231047284,84.59376828265003,122.65498064416064,176.2246425904777,207.0436034877937,43,122794.12201800026,0.0474855448355979,158,27323.761226917024,0.0105663338561738,5122.872790708991,0.0019810590408767,8276.352518666357,0.0032005368183888,0.0,0.0,82072.78712842881,0.0317382538261741,99553.34260996548,0.0384981352230051,26.79734454572037,1.0362763990561691e-05,46248.57572455419,0.0178847226565856,0.0,0.0,0.0,0.0,0.0,0.0,68.56727720023274,2.6515556789186045e-05,39002.57505054012,0.015082631772836,1541.4597277726623,0.0005960957561526,0.0,0.0,0.0,0.0,19.24933008794305,7.443881774831641e-06,2868.7151268722514,0.0011093568530721,0.0,0.0,0.0,0.0,5920.496757327017,0.0022895071001676,76266.67907257972,0.0294929818223079,526.0984609560213,0.0002034468071037,0.0,0.0,0.0,0.0,1096.998224388452,0.0004242186638309,323099.5364877256,0.1249453742093597,195905.33282574403,0.0757582798960518,0.0,0.0,0.0,0.0,377.2191543879007,8387.490987254765,43063.26543913266,3249.792441672637,21917.87625249673,3350.3313270583685,590.9291071568679,1328.1794749738935,0.0,731.0770089389042,0.0,0.0,0.004284394499556,2.631229664541529,0.8107337792159248,3727.550481446269,467.1440067220289,61.09996114410643,0.1458738966829963,2024,Q4,2772.67,benalmadena,4,2024_Q4,20244.0,3241.9636111111117,-469.2936111111112,2570.33,2360.67,,,412.0,-515.200277777778,45.90666666666675,0,0,0,0,0,0,4,2866.391068868447,93.72106886844676,3.380173943110675
11316400000457.0,29025,Benalmádena,Málaga,8,Parque de la Paloma,8,900674.2144223495,0.9006742144223495,354,60,1,7,7,2,4,0,6,22,4,48,58,0,0,0,10,0,28,28,8,15,0,673.2083828225617,916.4101270301474,270.9859517907944,396.7185363124141,225.9382108868933,51.662216117970445,183.49907244334145,16,50127.70088403414,0.0556557521924658,57,4046.374934617319,0.0044926066160475,11125.82546290189,0.0123527744935359,0.0,0.0,0.0,0.0,34955.50048651493,0.0388103710828823,42667.514985743655,0.0473728616879618,563.0638060766125,0.000625158128278,0.0,0.0,0.0,0.0,0.0,0.0,0.0,0.0,2549.6921616964137,0.0028308706087824,20183.8468121628,0.0224097087370351,0.0,0.0,1542.0650548204876,0.0017121230186538,16654.618938283154,0.0184912798341458,0.0,0.0,0.0,0.0,0.0,0.0,0.0,0.0,1544.708389294983,0.0017150578583907,23802.461105197755,0.0264273815371338,0.0,0.0,0.0,0.0,0.0,0.0,0.0,0.0,199079.157427226,0.2210334816289884,71380.19987454348,0.0792519633975792,0.0,0.0,462.8963175627929,0.0005139442321657,2024.6462541637784,2834.721756891713,9402.436673010016,2421.63840467362,8804.329039950153,0.0,352.92934672355864,314.2711380249557,18.860967179488703,0.0,0.0,0.0,0.0,3.971440020435128,0.8511763801735069,2024.6462541637784,393.03889722993694,63.28592413024408,2.2479229689752938,2024,Q4,4330.0,benalmadena,4,2024_Q4,20244.0,3241.9636111111117,1088.0363888888887,4026.67,3568.0,,,762.0,692.129722222222,395.9066666666668,0,0,0,0,0,0,4,4424.554933622323,94.554933622323,2.18371671183194
11316400000457.0,29025,Benalmádena,Málaga,9,Solymar - Puerto Marina,9,1105961.409118733,1.1059614091187329,506,73,0,7,22,3,2,4,3,9,2,130,168,0,4,0,3,0,13,13,1,0,0,199.2644849318856,1332.9625823796596,23.1192096846464,825.5887350273823,22.1225326120885,168.11727838278213,152.37261540213274,12,104657.7894855491,0.0946305979780469,152,11054.337337329616,0.0099952288083343,15274.699809466763,0.0138112412273391,0.0,0.0,0.0,0.0,78328.75233875275,0.0708241279423734,66001.46946474351,0.0596779136419739,438.1254422919402,0.0003961489421597,0.0,0.0,0.0,0.0,0.0,0.0,0.0,0.0,0.0,0.0,24276.58082602516,0.0219506581566616,0.0,0.0,42443.83656359645,0.0383773214993253,666.094201794986,0.0006022761701294,0.0,0.0,0.0,0.0,0.0,0.0,0.0,0.0,9.761565433720389,8.82631650004744e-06,0.0,0.0,1404.4362312139397,0.0012698781527404,0.0,0.0,0.0,0.0,0.0,0.0,135216.25946147073,0.1222612817649899,104657.7894855491,0.0946305979780469,34.65930458906008,3.133862022968575e-05,29.42430078970964,2.660517857775517e-05,2414.975603967432,124.31519873004136,15054.452510174167,6274.2662861414055,6166.382851518014,0.0,319.1601795755563,577.2456501131559,1.887455763568044,0.0,0.0,0.0,0.0134193186967171,1.2919846685549297,0.6306407749346378,2414.975603967432,457.5204847366218,137.4369835572461,2.1835984366685683,2024,Q4,3719.33,benalmadena,4,2024_Q4,20244.0,3241.9636111111117,477.3663888888887,3539.33,3458.67,,,260.65999999999985,582.799722222222,-105.4333333333334,0,0,0,0,0,0,4,3817.792874113259,98.4628741132592,2.647328258402971
11316400000465.0,29051,Estepona,Málaga,1,Altos de Estepona,1,86878695.93793455,86.87869593793455,478,0,0,0,0,0,5,8,113,0,3,102,20,0,0,0,0,0,0,15,0,5,0,16299.890411073126,14926.131656691714,5315.355475605476,5163.770107431311,5199.3050691454855,1526.3276466263078,3505.510661481553,0,20349.669351717854,0.0002342308333708,51,0.0,0.0,0.0,0.0,0.0,0.0,0.0,0.0,20349.669351717854,0.0002342308333708,22813.68141079956,0.0002625923555194,95.3658978144625,1.0976902540363997e-06,0.0,0.0,0.0,0.0,0.0,0.0,0.0,0.0,0.0,0.0,16870.819681521163,0.0001941882241599,0.0,0.0,1852.423773739371,2.132195647898224e-05,0.0,0.0,69.95634176618924,8.052185983105167e-07,0.0,0.0,0.0,0.0,0.0,0.0,3925.115715958376,4.517926602814626e-05,0.0,0.0,0.0,0.0,178075.15325386028,0.0020496987360523,0.0,0.0,115770.61929331315,0.0013325547539988,403732.51953410567,0.0046470830987441,135736.03677647596,0.0015623627324406,406932.2275487699,0.0046839127032878,0.0,0.0,23074.307271997204,20395.690659511303,90661.84686329257,25586.62344043114,218805.37178883303,0.0,172731.32899899263,1139.2876627874607,6477.226462849765,0.0,1708.5571622278894,700.7410873177678,0.0,19.8397582062032,1.121083640985676,23074.307271997204,5.50192420408197,0.5870253857911725,0.2655922378080042,2024,Q4,3729.33,estepona,4,2024_Q4,20244.0,3637.114375,92.21562499999982,3387.33,3505.33,,,224.0,93.59031249999998,-1.3746875000001637,0,0,1,0,0,0,4,3792.003307679238,62.67330767923795,1.6805514041191836
11316400000465.0,29051,Estepona,Málaga,2,Playa Bahía Dorada,2,5928239.893426288,5.928239893426288,720,1,0,1,0,0,0,0,22,0,1,3,30,0,0,0,9,0,1,2,2,450,0,22467.520385656047,21032.406547901363,1236.490422442085,5123.534859820152,1415.3988471490916,4389.441910708602,940.3117292108813,10,122110.36394479396,0.020598080735599,405,69967.89667503985,0.0118024739101104,18808.37982804758,0.0031726752233666,7294.557566052533,0.0012304761104794,699.7518392429371,0.0001180370315342,25344.742732296283,0.0042752559255236,64692.61676140525,0.0109126178974541,482.856055108334,8.145015447903245e-05,0.0,0.0,33859.222924902766,0.0057115136252243,0.0,0.0,0.0,0.0,0.0,0.0,14159.02827473396,0.0023884033927902,515.0302738204967,8.687743463141631e-05,18457.08973788475,0.0031134181594694,0.0,0.0,0.0,0.0,375.7936838876453,6.339043133263817e-05,0.0,0.0,0.0,0.0,0.0,0.0,592048.753926563,0.0998692300868381,370619.5989571064,0.0625176453078559,1195.730982100107,0.0002017008426777,0.0,0.0,42145.69206910848,0.0071093094791664,1853725.8856651457,0.3126941417672228,646791.227098759,0.1091034166508635,932.8990293680272,0.0001573652629007,0.0,0.0,7233.777937382722,1085.386181122913,28266.87871714104,4306.152719777881,28376.834158680194,0.0,6477.027456429056,626.537283930548,46.33979724365345,0.0,1551.8811114226178,235.0783736527253,3.0351199274258835,15.180741632119236,0.5297880922713732,7233.777937382722,121.4525749537218,68.31707341146851,1.2202235515813251,2024,Q4,3387.0,estepona,4,2024_Q4,20244.0,3637.114375,-250.1143750000001,3076.33,2731.0,,,656.0,-680.7396875,430.62531249999984,0,0,0,0,0,0,4,3454.7678641095517,67.76786410955174,2.000822678168047
11316400000465.0,29051,Estepona,Málaga,3,Costa Natura,3,6236887.825821185,6.236887825821184,202,5,0,0,0,0,0,2,29,0,4,93,23,0,0,0,7,0,0,6,0,1,0,20465.91667926411,19028.040217971404,1979.766190754669,3223.514378296353,1234.5475717611869,2591.7636743793378,1190.9288852985255,7,84963.11255530055,0.0136226776764441,115,0.0,0.0,7153.9978242447805,0.0011470460947889,0.0,0.0,0.0,0.0,77809.11473105579,0.0124756315816552,96748.49785707862,0.0155123036615365,2030.9500979566665,0.0003256351813076,13852.937100128693,0.0022211297504464,0.0,0.0,0.0,0.0,0.0,0.0,0.0,0.0,17368.732662690745,0.00278483967449,1908.9231218372208,0.0003060698180163,57737.12241210433,0.0092573610468138,0.0,0.0,0.0,0.0,4604.076767516955,0.0007382009899962,0.0,0.0,0.0,0.0,0.0,0.0,924770.7467521104,0.1482743914237947,7499.740410325944,0.0012024812085406,45420.860786039295,0.0072826162750584,0.0,0.0,0.0,0.0,1869164.6892134736,0.2996950949598598,992974.3497537645,0.1592099100520577,0.0,0.0,0.0,0.0,8755.358007767403,2631.703069794093,34504.85739245947,7657.915480826911,17205.887684467947,0.0,8044.543744162667,2308.238787916065,514.1847449199516,0.0,0.0,269.8847811179355,0.08827054688417,21.99972003114737,1.138711788518441,8755.358007767403,32.3879482269514,18.438683396531736,1.403802385465322,2024,Q4,3751.0,estepona,4,2024_Q4,20244.0,3637.114375,113.88562499999988,3707.0,3462.0,,,289.0,50.260312500000055,63.62531249999984,0,0,0,0,0,0,4,3820.849414909042,69.84941490904203,1.862154489710531
11316400000465.0,29051,Estepona,Málaga,4,Seghers,4,944247.5480132446,0.9442475480132446,109,1,0,0,0,1,0,1,2,0,0,0,77,0,0,0,5,0,0,4,0,3,0,18968.48595366177,17533.831581880127,932.5698125396216,1625.7717309892005,605.3079156462072,893.9754915049565,697.3568269012102,5,107482.08195511212,0.1138282881234492,836,1776.9451988538635,0.0018818637152859,157.27128307983023,0.0001665572586455,0.0,0.0,0.0,0.0,105547.8654731784,0.1117798671495177,31402.65200164807,0.0332568001555537,199.61562073723144,0.0002114017888182,0.0,0.0,0.0,0.0,0.0,0.0,2198.154386568557,0.0023279429119976,0.0,0.0,22465.86639986657,0.0237923481476188,0.0,0.0,6438.223764926212,0.006818364292788,0.0,0.0,0.0,0.0,0.0,0.0,0.0,0.0,0.0,0.0,100.79182954950647,0.0001067430143309,532511.3835807364,0.5639531547645247,1595.411007356084,0.0016896109613553,0.0,0.0,0.0,0.0,0.0,0.0,584045.0493202187,0.6185295906238631,534998.7601690846,0.5665873968058007,0.0,0.0,0.0,0.0,518.7821471011863,3292.0292908120978,8430.57988970998,1607.2186635758992,10025.525509176758,0.0,863.0342233368184,569.0974048689038,372.0347343610288,0.0,0.0,37.019895106976485,0.0148435067345228,5.433882919747502,0.2921663911801656,518.7821471011863,115.43583060325945,885.3610493974761,0.5494132848877777,2024,Q4,4694.0,estepona,4,2024_Q4,20244.0,3637.114375,1056.885625,4646.0,4244.0,,,450.0,832.2603125,224.62531249999984,0,0,0,0,0,0,4,4767.302510382571,73.3025103825712,1.5616214397650447
11316400000465.0,29051,Estepona,Málaga,5,Estepona Pueblo,5,5116152.598771416,5.116152598771416,1028,89,11,24,7,11,7,10,41,5,12,52,226,0,0,0,31,0,48,33,2,293,4,17420.70234271392,15984.344785260546,30.618947047869344,277.1321358753077,218.51362018799085,344.3060345614068,420.16423819740936,54,610759.6807615672,0.1193787067469867,1539,63615.864681244086,0.0124343172829756,83721.99499071554,0.016364248988746,10255.917550731772,0.0020046152558456,0.0,0.0,453165.9035388765,0.0885755252194195,135855.62819465355,0.0265542564596837,639.1189280670176,0.0001249217875597,40192.99694965888,0.0078560981467422,1510.908473328922,0.0002953212290211,0.0,0.0,1597.2092449438678,0.0003121895240824,9222.271960573318,0.0018025795326722,62639.43106668582,0.0122434641769144,1534.8792694380452,0.0003000065458967,0.0,0.0,1881.738464422692,0.0003678034280827,0.0,0.0,6556.222880217707,0.0012814752401623,0.0,0.0,0.0,0.0,931.8825251603556,0.0001821451778792,3085460.4641227843,0.6030821803211502,11434.086620819178,0.0022348994483794,3424.252046576467,0.0006693021719873,0.0,0.0,91291.7478679684,0.0178438281707803,3444301.740478644,0.6732210726681125,3194509.103348811,0.6243967594156467,4014.9449152439247,0.0007847586321424,0.0,0.0,6424.204178255166,27596.79655043132,61464.8503419036,10646.748375037976,38540.51945828871,0.0,4386.693318545694,2224.7360947167526,2393.0605724422653,0.0,838.376374980543,0.0,0.0187210894578749,5.639373142932818,0.2224371262114589,6424.204178255166,200.93223963782123,300.81198132549304,1.255670946913871,2024,Q4,3390.0,estepona,4,2024_Q4,20244.0,3637.114375,-247.1143750000001,3310.0,2939.67,,,450.3299999999999,-472.0696874999999,224.95531249999976,0,0,0,0,0,0,4,3475.0550352433784,85.05503524337837,2.508998089775173
11316400000465.0,29051,Estepona,Málaga,6,Punta Plata,6,3783569.7300203,3.7835697300203,440,6,0,1,0,1,1,0,26,1,6,274,40,0,0,0,7,0,19,4,1,0,1,14418.24028509163,12982.151031567331,718.9589127932173,1497.466676693263,570.1432907496761,846.6161863049435,673.0692696293992,8,40046.52632722997,0.0105843235845464,55,0.0,0.0,641.0531521909494,0.0001694307751498,0.0,0.0,0.0,0.0,39405.47317503902,0.0104148928093965,22913.9872296532,0.0060561820885299,420.0996393168964,0.0001110326145131,0.0,0.0,0.0,0.0,0.0,0.0,0.0,0.0,0.0,0.0,14137.7505652966,0.0037366168920113,0.0,0.0,997.4326637917466,0.0002636221174616,0.0,0.0,0.0,0.0,6888.206910817031,0.0018205576749817,0.0,0.0,0.0,0.0,364.1356166436244,9.624128604117748e-05,11809.67148477635,0.0031213040402226,1793.41325408871,0.000474000317705,3023.9256149622543,0.0007992255543671,0.0,0.0,0.0,0.0,99373.7720862931,0.0262645541584243,54131.28777332679,0.0143069354170555,524.5180698335599,0.0001386304752551,0.0,0.0,9322.11882519659,5743.691547277529,19303.201036070368,7515.018686385481,17631.366383303455,0.0,4126.683887674971,571.3949703593598,903.3398324419234,0.0,0.0,0.0,0.0447832413575526,2.4814579739527023,0.5721841400636154,9322.11882519659,116.29229309793618,14.536536637242024,2.463842215258069,2024,Q4,4788.0,estepona,4,2024_Q4,20244.0,3637.114375,1150.885625,4509.33,4157.33,,,630.6700000000001,745.5903125,405.2953124999999,0,0,0,0,0,0,4,4861.893732873299,73.89373287329909,1.5433110458082515
11316400000465.0,29051,Estepona,Málaga,7,Selwo,7,17164017.86587463,17.16401786587463,701,10,0,2,0,0,1,2,75,2,1,352,30,0,0,0,11,0,1,4,1,3,2,11028.369425210689,9593.191757661203,1918.5895402880087,5112.664643095617,1194.8603542510943,2640.591501355902,2627.288672098486,13,309235.724339227,0.018016511445962,784,19537.102624756662,0.0011382592803984,2143.856581702309,0.00012490412201,3186.185520807596,0.000185631682844,0.0,0.0,284368.57961196057,0.0165677163607094,535418.7441346121,0.0311942546505458,1239.4953928508794,7.221475778787406e-05,0.0,0.0,13111.133519349924,0.0007638732155725,0.0,0.0,0.0,0.0,0.0,0.0,58741.08346344427,0.0034223387508954,0.0,0.0,13304.46104057436,0.0007751367508784,451638.1472938783,0.026313078372624,0.0,0.0,1400.5624972047965,8.159875549823239e-05,0.0,0.0,0.0,0.0,0.0,0.0,77629.11584063701,0.0045227822790244,0.0,0.0,10374.44607298619,0.0006044299274246,0.0,0.0,483.8456730111486,2.8189534454699383e-05,398242.4089818804,0.0232021670038961,381944.04545419646,0.0222526012521563,63.49231178614985,3.699152044835888e-06,32.93116015560767,1.918616049746788e-06,17825.28229389201,9356.023287617025,84961.15688382644,36160.93144823769,45593.51980201308,0.0,30027.78514807912,794.9820594237116,3380.6436717237966,0.0,612.1175427145622,568.4364820230272,0.0,1.2878279501230154,1.7314259058424124,17825.28229389201,40.84125322391576,45.67695082389438,1.0385262025001791,2024,Q4,3776.67,estepona,4,2024_Q4,20244.0,3637.114375,139.55562499999996,3622.67,3499.0,,,277.6700000000001,87.26031250000005,52.29531249999991,0,0,0,0,0,0,4,3856.879283535143,80.20928353514273,2.1238096930667156
11316400000465.0,29051,Estepona,Málaga,8,Benamara - Atalaya,8,11337348.165005932,11.337348165005931,1891,43,1,6,4,3,1,6,51,4,15,1108,234,0,0,0,11,0,27,10,4,10,3,5449.629035625184,4011.403062688352,524.9729712433103,1952.643578397208,192.2555330400588,1156.0764861430944,777.1985065105767,17,292453.62396109,0.0257955934407821,501,7987.346994076286,0.000704516336433,63266.52248094217,0.0055803633759984,688.9667020125752,6.0769651949046825e-05,0.0,0.0,230476.19485600133,0.0203289333185862,325692.5459692496,0.0287274009079599,383.5919300378407,3.383436095063594e-05,31024.7961410688,0.0027365126032585,0.0,0.0,0.0,0.0,0.0,0.0,0.0,0.0,63445.9328171543,0.0055961880938778,0.0,0.0,239123.5174908329,0.021091662178014,0.0,0.0,0.0,0.0,1140.2407446997277,0.0001005738492021,0.0,0.0,0.0,0.0,20.499381313325223,1.808128410186696e-06,164547.80001397606,0.0145137820254892,404250.39415270987,0.0356565211078615,61416.53003699952,0.005417186553957,157.49935399864,1.3892080555908164e-05,0.0,0.0,2028820.7814089856,0.17895020527562,518394.8129045277,0.0457245208808718,5266.837706101389,0.0004645564050293,0.0,0.0,12665.159800303154,30440.710240825083,78754.81048333198,24592.26418299018,57690.00582298952,0.0,17197.568953734768,2875.4406682660847,238.62883536242035,0.0,2798.2274722605835,88.91438754182988,1.3822717895440126,6.93723932677947,1.1136553603160968,12665.159800303154,166.79385447796298,44.19022797115783,1.1171183610110582,2024,Q4,3612.0,estepona,4,2024_Q4,20244.0,3637.114375,-25.11437500000011,3555.0,3306.0,,,306.0,-105.73968749999996,80.62531249999984,0,0,0,0,0,1,4,3705.0986181834433,93.09861818344325,2.577481123572626
11316400000466.0,29054,Fuengirola,Málaga,1,Zona Sohail,1,1179181.7054531672,1.1791817054531673,449,46,0,1,1,0,5,0,17,9,28,38,163,0,1,0,9,0,42,7,1,0,10,868.2510899238299,1652.7052348555014,727.675367426118,1122.729663491631,83.18448469825312,212.477107856974,71.79256722373061,9,162684.9755174549,0.1379642974149891,181,69638.26416448981,0.0590564319667148,43581.56105012104,0.0369591563781702,5283.301597532667,0.0044804813143723,2257.7676533936824,0.0019146901982557,41924.08105191789,0.035553537557476,147349.1725227584,0.124958835301919,1010.0765050852132,0.0008565910583704,18359.754778483195,0.0155699114848694,923.3907796315824,0.0007830775997976,0.0,0.0,1031.0626441900174,0.0008743882638458,0.0,0.0,36684.15617008782,0.0311098416812613,740.2690081353048,0.0006277819649947,58554.65281996996,0.0496570227889238,34.19710836838972,2.9000711434246303e-05,0.0,0.0,32543.00560967412,0.0275979566670495,0.0,0.0,0.0,0.0,145.33170588028293,0.0001232479313478,85805.86738964022,0.0727672987062366,14585.750115930414,0.0123693829784486,5505.134903112475,0.0046686061000215,0.0,0.0,3909.436729089816,0.0033153810909807,414949.5274739671,0.3518961713491809,240812.9816642364,0.2042204187451249,7128.364302802373,0.0060451788471929,3475.20605257682,0.0029471336236863,5136.915960272319,240.66363782772112,14072.379461581802,4684.417942616838,13835.391560552844,0.0,1236.7575173630555,3337.215651534615,0.0,0.0,0.0,0.0,0.0896564053899114,2.550632141361421,0.9057331327197032,5136.915960272319,380.7725288847204,153.4962755637737,4.356339601027112,2024,Q4,3993.0,fuengirola,4,2024_Q4,20244.0,3608.4575,384.5425,4175.33,3488.67,,,504.3299999999999,350.98187499999995,33.56062500000007,0,0,0,0,0,0,4,4123.58325304475,130.58325304474965,3.270304358746548
11316400000466.0,29054,Fuengirola,Málaga,2,Centro Ciudad,2,1244697.4392654474,1.2446974392654475,638,32,2,13,6,0,6,5,20,9,9,52,292,0,0,1,25,0,27,8,1,27,34,553.8669751454676,455.5915677931787,243.86574551002136,298.7809570169131,130.26706883925158,167.65118323566227,33.117124327122,34,273369.9102962782,0.219627599183948,410,74161.15346924338,0.0595816711192153,9794.357261911897,0.0078688659210964,16328.981521260112,0.013118835956549,0.0,0.0,173085.4180438628,0.1390582261870871,107475.53129026903,0.0863467119798167,1161.780661200906,0.0009333839891938,38474.71573597363,0.0309108981204936,0.0,0.0,0.0,0.0,3513.793257522156,0.0028230099513949,6290.7609371405015,0.0050540482680296,20540.09085007532,0.016502075285217,1419.9313641064048,0.0011407843539425,0.0,0.0,18987.30251046957,0.0152545525615243,0.0,0.0,14462.506784933446,0.0116192950420693,0.0,0.0,0.0,0.0,1548.5775817641172,0.0012441397667516,169824.17477903073,0.1364381169445095,353.6031009340313,0.0002840875941246,0.0,0.0,0.0,0.0,3704.509316857917,0.0029762327775367,253983.8962784577,0.2040527185693779,416061.5703810525,0.3342672341533773,1652.2494984916625,0.001327430623997,12.628003593575505,1.0145440325664895e-05,2318.3229812603536,0.0,30690.31957679464,2875.179109061676,8304.79770708449,441.4992724686766,498.0626452215219,843.3175721418418,0.0,0.0,0.0,0.0,0.0012934967881048,0.9290850481761544,0.3931505525732293,2759.8222537290303,512.5743653626481,329.39731943367667,1.8625594527040248,2024,Q4,2893.33,fuengirola,4,2024_Q4,20244.0,3608.4575,-715.1275,2908.67,2476.33,,,417.0,-661.3581250000002,-53.769374999999854,0,0,0,0,0,0,4,3012.624290342166,119.29429034216628,4.123079301087891
11316400000466.0,29054,Fuengirola,Málaga,3,Zona Puerto Deportivo,3,929415.4568965888,0.9294154568965888,479,109,1,10,8,3,4,8,4,2,7,14,135,0,0,0,18,0,42,32,1,8,1,1189.1005445638575,289.6445751350261,99.44126747699354,447.1151879826498,43.7492164083849,171.09480309725743,387.0173080467658,26,286991.161867579,0.3087867322821069,891,14277.14206087984,0.0153614209392994,0.0,0.0,0.0,0.0,0.0,0.0,272714.0198066991,0.2934253113428074,48025.213733801385,0.0516724930465029,1540.6953295474896,0.0016577035792927,8386.437495238664,0.0090233462688922,0.0,0.0,0.0,0.0,767.2227156582197,0.0008254895159803,0.0,0.0,17394.221022115853,0.0187152267514432,2200.129240347608,0.0023672182596296,10744.422919060014,0.0115604091144951,2561.003219396872,0.0027554988464989,331.6420898641961,0.000356828679148,0.0,0.0,0.0,0.0,0.0,0.0,2749.14252380212,0.0029579264078324,0.0,0.0,0.0,0.0,0.0,0.0,0.0,0.0,4021.744464133742,0.0043271762205921,98940.17058880247,0.10645419102365,286991.161867579,0.3087867322821069,2578.4779478367245,0.0027743006948114,166.09188327502434,0.00017870574676,0.0,0.0,18861.821504525225,4020.102406884199,7161.501053868614,438.0686552720123,0.0,2073.8180305443984,296.001701544128,0.0,0.0,0.0,0.0,0.3447498868766901,0.1673403927184121,438.0686552720123,515.3776994407098,958.6670776652868,0.0,2024,Q4,4062.33,fuengirola,4,2024_Q4,20244.0,3608.4575,453.8725,3962.0,3586.67,,,475.6599999999999,448.981875,4.890625,0,0,0,0,0,0,4,4186.894326829669,124.56432682966897,3.0663271282655264
11316400000466.0,29054,Fuengirola,Málaga,4,Los Boliches,4,1156657.950508325,1.1566579505083248,343,15,2,4,1,2,2,0,35,3,1,73,140,0,1,0,13,0,19,4,2,0,3,547.397685127166,548.8932901468005,400.11701231534784,444.4852657996021,386.8235806739958,503.8085122451918,579.1534363123973,18,101413.6178713236,0.0876781401336105,131,20534.521826472,0.017753322680614,4321.47197875598,0.003736171075344,4048.839540597945,0.0035004640212074,8477.908333933377,0.0073296589801743,64030.87619156427,0.0553585233762705,34121.06437172286,0.0294997015813771,270.6628950325261,0.0002340042662686,11480.67990461556,0.0099257346561012,0.0,0.0,0.0,0.0,0.0,0.0,0.0,0.0,13198.447308238465,0.0114108473489833,0.0,0.0,0.0,0.0,0.0,0.0,0.0,0.0,3627.6723192462914,0.0031363397602999,0.0,0.0,0.0,0.0,5543.601944590015,0.0047927755497238,279867.29965273896,0.2419620247539419,0.0,0.0,0.0,0.0,0.0,0.0,32693.50258046666,0.0282654890031219,347355.74295614305,0.3003098217614707,385088.49175427767,0.3329320406132514,0.0,0.0,3824.576104626357,0.003306574863334,7000.791886486375,376.3235124504994,18052.84769422853,1772.332082541929,4069.5104252172737,764.9512376399124,1081.7605722940789,95.41916863925876,0.0,0.0,145.20124578464294,0.0,0.0,3.425139051773624,0.3364544632919038,7765.743124126287,296.5440213757743,113.25733760998962,6.052603436832546,2024,Q4,3071.33,fuengirola,4,2024_Q4,20244.0,3608.4575,-537.1275,2925.33,2722.67,,,348.65999999999985,-415.01812500000005,-122.109375,0,0,0,0,0,0,4,3181.803883059584,110.4738830595843,3.59693953627856
11316400000466.0,29054,Fuengirola,Málaga,5,Playa de los Boliches,5,458628.3170218147,0.4586283170218147,346,77,0,3,7,0,3,2,7,2,4,9,86,0,0,1,10,0,32,57,6,7,0,158.62770606170287,156.6925864070904,148.049465832714,769.6650867650761,20.97148362744017,57.73355023988805,88.73543055102643,12,63793.65869697453,0.1390966417233678,121,5826.970327999409,0.0127052127217915,1722.801184606712,0.0037564213125653,482.2031927422742,0.0010514030094642,0.0,0.0,55761.68399162615,0.1215836046795467,7994.162628054928,0.0174305910284093,1732.963330559645,0.0037785790066626,0.0,0.0,0.0,0.0,0.0,0.0,0.0,0.0,620.2260242875722,0.0013523500430918,1985.141846951033,0.0043284327924666,0.0,0.0,3163.244006770118,0.0068971842543679,0.0,0.0,0.0,0.0,0.0,0.0,0.0,0.0,0.0,0.0,10.384226744286192,2.2641922356033383e-05,52992.27828673081,0.1155451513130407,1616.6752470003107,0.0035250227406333,0.0,0.0,0.0,0.0,0.0,0.0,167553.08146675944,0.3653352295270284,103740.6650119358,0.22619768810961,0.0,0.0,0.0,0.0,1170.376311865121,0.0,8389.874658892575,1715.498331102812,6056.682901720142,544.9748964332923,635.7399048996501,167.31645567602942,0.0,0.0,0.0,0.0,0.0253422562680456,2.626484902833756,0.1253128099440508,1715.3512082984132,754.4235433320234,263.830198679696,2.551905908176733,2024,Q4,4013.0,fuengirola,4,2024_Q4,20244.0,3608.4575,404.5425,4104.0,3556.67,,,456.3299999999999,418.981875,-14.439374999999927,0,0,0,0,0,0,4,4126.233601035006,113.23360103500636,2.8216695996762113
11316400000466.0,29054,Fuengirola,Málaga,6,Los Pacos,6,1198348.4225027664,1.1983484225027663,213,3,2,1,0,1,0,0,5,0,3,103,62,0,0,0,14,0,1,5,0,0,3,859.6157202555733,856.9524313249847,411.2746272002691,427.8545952725668,505.7488546478567,764.0758891605097,275.71358941301884,16,23706.7184460126,0.0197828260970217,16,1486.971540748693,0.0012408507516062,0.0,0.0,298.7911209080778,0.0002493357652059,0.0,0.0,21920.955784355832,0.0182926395802095,12290.470260818944,0.0102561742728797,0.0,0.0,12290.470260818944,0.0102561742728797,0.0,0.0,0.0,0.0,0.0,0.0,0.0,0.0,0.0,0.0,0.0,0.0,0.0,0.0,0.0,0.0,0.0,0.0,0.0,0.0,0.0,0.0,0.0,0.0,0.0,0.0,742473.3250657762,0.619580508576221,22255.68254326304,0.0185719629828374,0.0,0.0,0.0,0.0,0.0,0.0,770856.8627211034,0.6432660553857606,742473.3250657762,0.619580508576221,0.0,0.0,0.0,0.0,650.2053813764221,0.0,18601.21769481445,317.0517931837042,2566.186654435346,44.04158344247138,2405.3181827110284,0.0,0.0,0.0,0.0,0.0,0.938792207492032,32.51638831599836,0.5184382768239155,694.2469648188935,177.74463252944977,13.351709485780264,0.5425845848893094,2024,Q4,2895.0,fuengirola,4,2024_Q4,20244.0,3608.4575,-713.4575,2738.33,2553.33,,,341.6700000000001,-584.3581250000002,-129.09937499999978,0,0,0,0,0,0,4,3004.2846640638472,109.28466406384723,3.774945218094896
11316400000466.0,29054,Fuengirola,Málaga,7,Torreblanca del Sol,7,1976487.1690981933,1.976487169098193,340,2,0,0,0,0,1,1,8,0,4,221,39,0,1,1,25,0,1,16,0,0,0,634.4604312062331,639.3277957645358,776.423235854621,1318.396365501087,326.6471567921324,1106.6456280105351,409.84060556666816,25,55248.53040061703,0.0279528909999578,110,18174.8528480448,0.0091955329294332,0.0,0.0,0.0,0.0,0.0,0.0,37073.677552572255,0.0187573580705245,6305.309345430771,0.0031901595133084,0.0,0.0,0.0,0.0,0.0,0.0,0.0,0.0,0.0,0.0,0.0,0.0,6305.309345430771,0.0031901595133084,0.0,0.0,0.0,0.0,0.0,0.0,0.0,0.0,0.0,0.0,0.0,0.0,0.0,0.0,0.0,0.0,1522100.4642271344,0.77010389342503,84.27001132947524,4.263625519406984e-05,0.0,0.0,0.0,0.0,0.0,0.0,1553522.896308303,0.7860020143804551,1527609.8778859675,0.7728913709988648,0.0,0.0,0.0,0.0,2561.081394190179,0.0,29695.317479304034,3029.897681554108,2039.8805867934525,1815.141991446268,3851.069237097333,5.618332961988784,0.0,0.0,0.0,0.0,0.0015252896451162,28.118809405703832,0.1141262817236171,4376.223385636446,172.02236640632023,55.65429501380948,1.2957743587876247,2024,Q4,4207.33,fuengirola,4,2024_Q4,20244.0,3608.4575,598.8725,3901.33,3320.67,,,886.6599999999999,182.98187499999997,415.890625,0,0,0,0,0,0,4,4319.146331353627,111.81633135362699,2.6576553622755283
11316400000466.0,29054,Fuengirola,Málaga,8,Las Gaviotas,8,673684.4655357305,0.6736844655357305,253,21,0,1,5,0,0,4,3,1,4,37,85,0,2,1,12,0,7,51,1,1,0,519.9899868484258,516.5275303372757,656.0515693124422,1760.5016690844989,217.6332254305099,1258.8487001456947,230.5813487199572,13,74047.7322078506,0.1099145608901134,104,29891.63957003544,0.044370385691267,1536.324062871788,0.002280480167596,0.0,0.0,0.0,0.0,42619.76857494339,0.0632636950312504,10484.332065778355,0.0155626745192067,0.0,0.0,0.0,0.0,0.0,0.0,0.0,0.0,0.0,0.0,0.0,0.0,1746.0719205587643,0.0025918245259971,0.0,0.0,8584.95599415133,0.0127432892301062,0.0,0.0,0.0,0.0,0.0,0.0,0.0,0.0,0.0,0.0,0.0,0.0,245384.64388298205,0.3642426928871606,0.0,0.0,0.0,0.0,0.0,0.0,0.0,0.0,325618.4711300963,0.4833397351253401,276022.78267004417,0.4097211629342589,0.0,0.0,3254.195576305321,0.0048304447301118,3756.6189607805886,0.0,8356.602482913831,752.309643195843,3855.59003635448,1212.292338584297,947.4293477409587,125.97659943632108,0.0,0.0,0.0,0.0,0.0,4.397413147126423,0.1415888340267794,4968.911299364886,375.54673284444544,154.37494156451513,5.576229159140893,2024,Q4,4959.67,fuengirola,4,2024_Q4,20244.0,3608.4575,1351.2125,4952.67,4616.67,,,343.0,1478.981875,-127.76937499999984,0,0,0,0,0,0,4,5072.7776895395555,113.1076895395554,2.2805486965777035
11316400000063.0,29067,Málaga,Málaga,1,Centro,1,6070147.299784142,6.070147299784142,24060,594,19,103,85,46,220,137,263,1420,39,3,1120,0,248,6,235,12,744,625,140,4288,10182,248.54546327610203,519.6122666111368,70.59997447289615,147.14792700913637,5.840864263455922,43.061167508452,401.9379270233428,295,1792584.3288430031,0.2953115040399017,6819,1194418.7515923723,0.1967693191950789,168506.95274075316,0.0277599445975133,214305.76176692164,0.0353048700769654,95876.54079179229,0.0157947634640104,119607.68326806404,0.01970424725481,808245.5719861818,0.1331508993224799,2299.496143052874,0.0003788204848232,247458.05063824708,0.0407663996303758,3570.5432686623058,0.0005882136120138,262.9988053988159,4.3326593641009056e-05,2273.26160878884,0.0003744985906469,15569.211768994646,0.0025648820366432,192418.7240240185,0.0316991852950357,0.0,0.0,17958.340981854057,0.0029584687314742,164408.41699944407,0.0270847491633836,436.2970350901159,7.187585630840142e-05,62648.25462928628,0.0103207140675999,11778.71803965324,0.0019404336431954,0.0,0.0,33465.419186990366,0.0055131148445409,2733629.4560688096,0.4503398881549413,27277.92760359401,0.0044937834712123,85778.39870468658,0.0141311889923555,0.0,0.0,0.0,0.0,3993973.576912259,0.6579697954041885,3182546.826021865,0.5242948266074267,119373.87525541012,0.0196657295712832,93926.21468106544,0.0154734654765965,16851.518802136557,26910.85276600337,58063.94606487001,41371.3554849939,107382.49325016596,10207.374745557472,4555.560321950543,101183.80376751456,13655.197615588895,0.0,379.6803791060919,0.0,0.015217095879213,2.2280533822851627,0.4508828728338828,27058.89354769403,3963.6599923787,1123.3664791367564,2.7761301282978432,2024,Q4,3855.67,malaga,4,2024_Q4,20244.0,2608.340909090909,1247.329090909091,3776.0,3537.33,,,318.34000000000015,1224.6631818181818,22.66590909090928,0,0,0,0,0,0,4,3966.1785394890926,110.50853948909253,2.866130646271401
11316400000063.0,29067,Málaga,Málaga,2,Málaga Este,2,128037114.1865224,128.0371141865224,27101,145,8,47,20,17,64,45,359,1741,34,1,1139,8,207,0,219,0,154,103,41,3160,12447,6115.849916806648,10177.889474192178,2396.0284458601814,7510.464934873703,3983.065405415435,5385.569189638485,4586.46650458165,249,2077541.5953486385,0.0162260888848377,12946,1534667.076289619,0.0119861111056747,84257.78335705673,0.00065807312116,121821.30515139073,0.0009514530683183,76267.09023510695,0.0005956639269766,260807.4626369632,0.0020369676737404,721002.1070207387,0.0056311961699667,8917.814864632386,6.9650233225665e-05,325155.42890577903,0.00253954043694,32292.829016397674,0.0002522145959128,0.0,0.0,9480.6051162104,7.404575756369523e-05,31670.85432126344,0.0002473568271394,124316.7465791694,0.0009709430532624,3208.785018838975,2.5061366301683968e-05,46724.86129167825,0.0003649321650877,51118.00677130135,0.0003992436653706,10976.781972461658,8.573125099079366e-05,12882.665484161167,0.0001006166498363,12754.473220577784,9.961543808303328e-05,0.0,0.0,4013.959082093121,3.1349965262772565e-05,5846386.153424464,0.0456616520183947,1693144.159674827,0.0132238544302731,437853.3588690258,0.0034197377975199,198.16829686692176,1.5477410446648572e-06,7462.658928910663,5.8285122843671584e-05,31058320.84644465,0.2425727965189796,6277058.051226347,0.0490253009145616,240895.03235473583,0.0018814469061197,19538.70297107579,0.0001526018693502,59932.725746312615,88072.04345777475,140069.58050117662,89542.33038378942,811838.278705693,73.40209440877648,121891.55756974836,401119.73278737406,13034.150918612317,0.0,25.97727883227233,0.0,0.8149748546381718,14.94955427894464,0.3470458106035649,60006.12784072139,211.66518920849543,101.1113073131317,0.4680886954309481,2024,Q4,4145.0,malaga,4,2024_Q4,20244.0,2608.340909090909,1536.659090909091,4107.0,3695.33,,,449.6700000000001,1382.6631818181818,153.9959090909092,0,0,0,0,0,0,4,4257.782709999486,112.78270999948563,2.7209338962481455
11316400000063.0,29067,Málaga,Málaga,3,Ciudad-Jardín,3,89234620.51403832,89.23462051403833,13836,49,8,22,9,6,36,23,125,639,51,0,620,2,79,0,77,0,104,98,17,4361,4702,6684.905822975822,11129.58629996567,7541.763724999714,7082.543716711503,2024.857097123204,2090.2370879948653,1987.4245073273607,92,766605.5692337275,0.0085908985191809,4843,553057.422680605,0.0061977898207523,24498.68174176936,0.0002745423424299,48946.30464194485,0.0005485124984001,27647.53960653351,0.0003098297437392,112455.6357111224,0.0012602242836168,653858.2646950451,0.0073274056742604,5173.262984440733,5.797372090159647e-05,121905.02882273804,0.00136611808422,5884.167789066607,6.594041365526863e-05,0.0,0.0,0.0,0.0,13721.40301966251,0.0001537677074281,103301.94419757264,0.0011576442372085,9539.100172647755,0.0001068990949667,1600.4239640230885,1.79350117118648e-05,219282.92101491152,0.002457374948778,48292.86348622215,0.0005411897670212,18106.397747975945,0.0002029077687972,2214.1863788769497,2.481308673833174e-05,0.0,0.0,17550.229309428825,0.0001966751156482,1111877.595039601,0.0124601593936815,1658116.142127373,0.0185815340792144,6386.756813459148,7.157263376779183e-05,0.0,0.0,0.0,0.0,51282717.60668232,0.5746953067236338,1343636.4286867154,0.015057344570377,319907.1905748488,0.003585012058459,226010.6016587324,0.0025327681157469,45487.78916618197,31673.69461403681,65281.93375574967,42616.42274493274,454338.24369585456,0.0,292877.03283277206,116195.30652731397,61639.43186119717,0.0,0.0,244.55806465553883,2.1629325544590103,66.89583230901368,0.8529265778068457,45487.78916618197,155.05192850372833,54.27265754145391,0.5097549460528704,2024,Q4,2088.0,malaga,4,2024_Q4,20244.0,2608.340909090909,-520.340909090909,1959.33,1758.67,,,329.3299999999999,-553.9968181818181,33.65590909090906,0,0,0,0,0,0,4,2165.6821889826215,77.68218898262148,3.7204113497424087
11316400000063.0,29067,Málaga,Málaga,4,Bailén-Miraflores,4,4262333.972459785,4.262333972459785,10306,19,3,34,8,7,11,24,87,835,2,0,623,3,78,0,79,0,49,15,4,1803,4925,37.812612351014906,2344.159217252123,41.69214029704818,717.6439433999341,88.98985222421864,298.15553516398506,159.1697555540311,108,731150.9118125152,0.1715376872241124,3929,570971.1395816545,0.1339573912487547,12642.255313531025,0.002966040529723,71404.34057968689,0.0167524039742196,37634.85669580546,0.0088296358143157,38498.31964183659,0.009032215657099,399043.2400950952,0.0936208290278127,2468.327573870508,0.0005791023391923,149878.19605417538,0.0351634097709337,112798.89090686484,0.0264641137075818,0.0,0.0,3886.806506762301,0.0009118962830871,8042.326627899503,0.0018868363389315,94889.21958272786,0.0222622676204716,4931.675136201482,0.0011570363017226,0.0,0.0,1278.4912837509544,0.0002999509874194,0.0,0.0,2268.684652865169,0.0005322634658672,410.354061454328,9.62744975184367e-05,0.0,0.0,2238.51719921944,0.0005251857817062,1030822.5908349764,0.2418446319540959,73900.20235814634,0.0173379662024697,6432.281086005766,0.0015090983314697,0.0,0.0,0.0,0.0,2773556.3933779662,0.6507130626785099,1164356.9255382158,0.2731735553951132,150412.75500515307,0.0352888243804955,265154.62069605745,0.0622087857050387,17656.495115291247,12861.313059236683,44022.4875920694,16452.65724828944,49284.51065351332,0.0,5560.600932347086,57758.21794862543,726.6559939959559,0.0,0.0,0.0,0.1010738018158897,3.793411659022016,0.5457741126319949,17656.495115291247,2417.924091962326,921.795435408498,4.142447595466509,2024,Q4,2464.0,malaga,4,2024_Q4,20244.0,2608.340909090909,-144.340909090909,2282.33,2114.33,,,349.6700000000001,-198.33681818181824,53.99590909090921,0,0,0,0,0,0,4,2552.699145360434,88.69914536043416,3.5998029772903473
11316400000063.0,29067,Málaga,Málaga,5,Palma-Palmilla,5,8566442.041099507,8.566442041099508,4973,4,1,8,1,2,7,14,67,376,0,0,318,0,37,0,36,0,11,46,3,1896,1473,929.0891139969444,4168.427853129852,1324.596164110381,1240.7434409450473,1234.2429834647469,1174.8461734177354,1363.3974222248976,43,304780.6106920843,0.0355784360916502,1554,150824.60838976037,0.0176064470717415,34897.16728447808,0.0040737061100805,68992.18211302315,0.0080537732914104,3652.395251987716,0.0004263608198671,47119.45475441403,0.0055004696848875,396847.7327733125,0.0463258527717041,859.4341415241189,0.0001003256821677,151214.15919861654,0.0176519211211762,34006.084360844834,0.0039696859206766,0.0,0.0,8437.725703098424,0.000984974352551,42749.75774966256,0.0049903749473305,62702.17275031774,0.0073195117003639,6185.563646931395,0.0007220691644506,0.0,0.0,3454.844177426117,0.000403299778467,0.0,0.0,39656.2946754446,0.0046292608395859,3212.695860993683,0.0003750326968396,0.0,0.0,19488.06025777284,0.0022749304978979,287186.9980683353,0.0335246531395985,209359.4188135253,0.0244394834879025,6561.588358858224,0.0007659642506629,0.0,0.0,0.0,0.0,7352936.754396183,0.858341971978419,451829.8075567972,0.0527441620907534,84095.39447480148,0.0098168404188499,404.2293689193056,4.718754495506077e-05,14719.978294547444,9811.678889923727,19739.924240987315,15171.964129298214,89904.46087336216,0.0,40813.76305202322,38816.982683698014,4938.635738182884,0.0,0.0,0.0,0.686918430727706,24.12534293987825,1.3020767032091167,14719.978294547444,580.5210583508148,181.40553482348,1.7183304601752871,2024,Q4,1072.0,malaga,4,2024_Q4,20244.0,2608.340909090909,-1536.340909090909,1033.33,1327.33,,,-255.32999999999996,-985.3368181818182,-551.0040909090908,0,0,0,0,0,0,4,1143.1909708372955,71.19097083729548,6.640948772135773
11316400000063.0,29067,Málaga,Málaga,6,Cruz de Humilladero,6,13957783.593849,13.957783593849,25888,35,2,47,9,15,29,42,339,1350,5,1,2103,1,134,2,123,8,80,68,27,6833,10979,381.57980973199255,743.1303450536733,534.6397742091474,1323.204178725505,431.5463357333692,987.8427229159096,1401.8026066115085,163,3694747.114704885,0.2647087261284885,8216,747858.5706837762,0.0535800376653888,433440.8377996569,0.0310537009608508,149900.84130963212,0.0107395877219139,2198603.961383198,0.157518129336243,165045.04910607604,0.0118245886244295,1190618.9428423317,0.0853014330561064,8204.946107005406,0.0005878401862184,278397.1850535384,0.0199456585052818,20879.134955661204,0.0014958775378106,0.0,0.0,15213.04568799714,0.0010899327665963,53391.39137156615,0.0038252055573561,320085.1828847482,0.0229323789649386,31888.667545878583,0.0022846512364564,2364.504245114704,0.0001694039909141,116710.31864444863,0.0083616655796183,0.0,0.0,100859.02526660135,0.0072260058044637,32970.41744213364,0.0023621527888326,645.2404955406644,4.622800541376876e-05,256505.8821012454,0.0183772645833457,7780535.185796033,0.5574334301346244,294686.6471817438,0.0211127107108615,626791.3758208866,0.0449062253764347,2990.413400297862,0.0002142470099347,1152.8268294134705,8.259383172565485e-05,10262905.594147626,0.7352818966666274,8656828.198009836,0.6202151036232414,209060.98112766183,0.0149780930275915,2653.14300048659,0.0001900834027585,47223.78644126921,39268.03421090251,127799.0298460938,58683.6120019342,86063.2809507698,52462.42423237922,7964.6947719411055,185187.95484347385,1746.1341737272885,0.0,915.890062554121,0.0,0.079758272496872,2.7777017683562333,0.3222463962698322,99686.21067364844,1854.735734075178,588.632138101115,3.383329890719904,2024,Q4,2761.33,malaga,4,2024_Q4,20244.0,2608.340909090909,152.98909090909092,2630.33,2199.33,,,562.0,-113.33681818181822,266.32590909090914,0,0,0,0,0,0,4,2866.0233042797577,104.69330427975774,3.7914086429277827
11316400000063.0,29067,Málaga,Málaga,7,Carretera Cádiz,7,7642079.793096728,7.642079793096728,18460,101,8,70,17,23,89,68,250,1467,29,8,2095,2,104,2,97,14,127,151,16,4831,6177,123.46486313047866,1085.4142945149094,130.7777334944086,262.3857590980174,80.14339447281026,358.7687984445384,250.2166754828456,153,1539518.8585633954,0.2014528636502957,3949,758705.9574528557,0.0992800360627237,249523.6247346473,0.0326512718383348,141883.97865332756,0.018566147239328,264626.0064800829,0.034627485402485,124779.29124248149,0.0163279231074239,947208.6751212408,0.123946451851612,11032.846306218686,0.0014436968214052,267792.7361207693,0.0350418660065121,16403.378645134926,0.0021464547726853,313.4243883864239,4.101296988151676e-05,11029.971793888932,0.001443320678731,46051.365409520455,0.0060260251994646,431580.23009184806,0.0564741852710965,18706.90305548511,0.0024478811477974,9643.241715140037,0.0012618609038669,51119.08062211885,0.0066891581881016,0.0,0.0,62847.70915450629,0.0082239011965405,24073.344645222627,0.003150103806423,495.004333800617,6.477351024884171e-05,8426.607537875114,0.0011026589313405,2234308.402676884,0.2923691538388788,242174.9595447908,0.0316896664391744,228400.40587996403,0.02988720506246,0.0,0.0,0.0,0.0,4461656.02520865,0.5838274587552684,2733605.310812274,0.3577043664581472,147943.80727021134,0.019359102662583,100.79626146596576,1.3189637401721114e-05,45538.90423451073,27076.89281498305,79041.44139421072,36945.82603353072,100436.9010755246,11095.787302881943,5118.853385149596,84413.85667706921,2763.363236811564,0.0,0.0,0.0,0.1573056141518262,2.8980846843078973,0.6152627945100425,56634.69153739268,2415.5727890561097,516.7441464779295,5.958967384199142,2024,Q4,3360.33,malaga,4,2024_Q4,20244.0,2608.340909090909,751.9890909090909,3225.0,2892.67,,,467.6599999999999,580.0031818181819,171.985909090909,0,0,0,0,0,0,4,3478.361901507839,118.03190150783894,3.5125092329574463
11316400000063.0,29067,Málaga,Málaga,8,Churriana,8,29107225.5825562,29.1072255825562,14184,58,0,12,16,13,12,26,177,373,22,12,976,0,91,2,92,0,123,52,5,1607,7264,82.65108947629963,1520.7647111092915,291.8611979152654,2503.135907764106,56.07091773370811,573.1482123595403,110.58986115112376,102,1544224.996956263,0.0530529779479123,6254,621784.4990716003,0.0213618607279503,220232.1925498859,0.0075662378719416,22793.89189515194,0.0007831008087837,298648.232306399,0.0102602782068441,380766.1811332237,0.0130815003323922,1185838.2154515863,0.0407403382396655,22362.964344362925,0.00076829597795,74385.9897452495,0.0025555850224979,6863.083762704023,0.0002357862566886,0.0,0.0,16028.071460481193,0.0005506561047881,11494.106031379515,0.000394888410054,497078.1344228397,0.0170774824626616,14142.487618066436,0.0004858754943151,54158.45153062487,0.0018606531693313,19030.409749819213,0.0006538036301619,33883.15348192063,0.0011640804921725,132198.6621312706,0.0045417816190113,276993.76709798886,0.0095163232343239,0.0,0.0,3837.1610391999066,0.0001318284708488,3517678.760032281,0.1208524237411485,3211850.562834654,0.1103454725949387,780811.5517180522,0.0268253513033543,7342.17848457383,0.0002522459058747,1638.1286483628614,5.6279106495968586e-05,16301374.609036544,0.5600456341261831,4049595.080836792,0.1391267975489801,6235564.528151865,0.2142273749336249,223596.49120488705,0.0076818208101182,54621.61863006547,32517.591590074266,99544.39013764275,104641.37508060834,134591.4502848197,8373.302434808378,12965.889529787875,243780.75981442607,8991.382789672974,0.0,6971.39303275598,0.0,2.079911003359793,10.55634680254285,0.7679180286474827,62994.92106487385,487.3016825245067,214.8607390375257,1.8765656134124964,2024,Q4,2385.0,malaga,4,2024_Q4,20244.0,2608.340909090909,-223.340909090909,2307.67,2119.0,,,266.0,-193.66681818181812,-29.674090909090864,0,0,0,0,0,0,4,2453.7412027401356,68.74120274013558,2.882230722856838
11316400000063.0,29067,Málaga,Málaga,9,Campanillas,9,56177791.22453828,56.17779122453828,15495,19,1,8,6,7,8,10,299,326,8,0,1006,2,118,1,117,0,11,15,44,3862,7300,432.6148232446307,3695.819320836512,896.3154642749306,1624.0301181545472,534.563971078746,1169.4309563235156,1209.749280810739,124,1928788.8582265684,0.0343336542107422,8869,595838.1758734968,0.0106062941045862,197585.7350192458,0.0035171502957371,42069.97598376476,0.0007488720198274,677625.1872424278,0.0120621543224085,415669.78410763165,0.0073991834681828,589565.017768382,0.0104946279466904,994.9416052100368,1.7710586043394485e-05,110129.97834992805,0.0019603828479077,1258.0694877389292,2.2394427767914955e-05,0.0,0.0,4532.873441154394,8.068799684624213e-05,2376.8848856103,4.23100451940176e-05,206457.28608163848,0.0036750694817538,11430.604408144907,0.0002034719443215,14301.124533474283,0.0002545690071066,5794.144003714268,0.0001031394057583,17405.291522362637,0.0003098251309453,25534.568135843336,0.00045453136514,171014.38474918428,0.0030441635568342,0.0,0.0,13029.978687096347,0.0002319418119344,5185198.179666251,0.0922997872761037,11854948.241222894,0.2110255313143157,1012953.9588433052,0.0180312172615439,11607.836064775418,0.0002066267792263,349993.4912838944,0.0062301041684782,30011916.104437884,0.534230973668626,6149528.42903131,0.1094654719416098,221299.41375066104,0.0039392686847751,4654.358416401044,8.285050577723736e-05,56818.17050434351,33801.82662623511,144642.9704001386,52980.63726290445,289241.5312998836,29661.84199831779,55555.201512534935,180166.2425006906,13898.537451940914,0.0,1201.300032470023,743.6047076239662,6.146317255335465,15.559980023949787,0.3056659184096251,86480.0125026613,275.820740941339,157.87377550233853,1.0113991537553635,2024,Q4,2169.33,malaga,4,2024_Q4,20244.0,2608.340909090909,-439.0109090909091,2120.0,1996.67,,,172.65999999999983,-315.99681818181807,-123.014090909091,0,0,0,0,0,0,4,2254.037018832515,84.70701883251513,3.904754870513713
11316400000063.0,29067,Málaga,Málaga,10,Puerto de la Torre,10,44747749.429929845,44.74774942992985,14765,5,1,7,1,3,8,6,277,515,11,1,570,2,45,0,45,0,9,28,3,1999,7495,1675.284847155258,5444.241090763066,2633.8548407035178,3935.058532115971,2777.8378863241896,1865.5910743920788,1059.655369628172,51,1086692.799752133,0.0242848593190988,8104,804327.3902121682,0.0179747004141886,34354.78220380327,0.0007677432416483,48676.316298818136,0.0010877936190967,51919.35928251266,0.0011602674982305,148271.3159371727,0.0033134921381766,438338.6963399404,0.0097957707800775,2028.848303824419,4.533967249015231e-05,345567.95009851473,0.0077225772134001,1159.5935403223111,2.591400808074403e-05,0.0,0.0,3188.958349019663,7.12652231597307e-05,7976.016959366256,0.0001782439801102,58402.24143429493,0.0013051436592525,8382.909897468531,0.0001873370170402,1253.438571126184,2.801120921374904e-05,430.1712677586887,9.613249230160516e-06,0.0,0.0,21496.03131664596,0.0004803824011374,1734.751995188873,3.8767357404316114e-05,0.0,0.0,1403.4852212862118,3.1364375620363176e-05,2617227.369831358,0.0584884693235724,2497821.071555204,0.0558200379544567,187256.58287409,0.0041847151032101,0.0,0.0,0.0,0.0,22539481.575203888,0.5037008980864678,2938739.8527937834,0.0656734671627571,80755.52350953297,0.0018046834653882,4452.223402034728,9.94960296049398e-05,51486.05347708591,25417.71242759408,97221.0319629819,15858.772789983112,224041.88262740904,0.0,96157.4281360116,287665.56977721845,10269.565937906067,0.0,0.0,0.0,2.298553070493005,20.74135540451197,0.4033694678381222,51486.05347708591,329.96072848580684,181.10408016586376,1.1505841999430055,2024,Q4,2538.67,malaga,4,2024_Q4,20244.0,2608.340909090909,-69.67090909090894,2467.67,2213.0,,,325.6700000000001,-99.66681818181814,29.99590909090921,0,0,0,0,0,0,4,2618.6007940149493,79.93079401494924,3.1485302940102198
11316400000063.0,29067,Málaga,Málaga,11,Teatinos-Universidad,11,6404658.434923647,6.404658434923647,12519,36,2,20,7,5,34,59,197,369,1,0,1265,0,97,3,89,4,27,62,13,6227,2356,208.8273368530244,334.58438115384234,117.16246822473764,586.558646563642,161.10489649897158,478.4450110573504,717.5012515566635,105,836462.179017145,0.1306021527168477,1364,500161.7975679921,0.0780934381825398,37635.37388593923,0.0058762499621711,193580.92871707748,0.0302250199107433,29590.529305396376,0.0046201572817753,75506.73516668745,0.0117893461351444,1578028.2291169409,0.2463875701024411,181.43181839797907,2.832810215274845e-05,1225693.8839698911,0.191375370977844,77182.85918312125,0.0120510500235663,0.0,0.0,24196.294146106546,0.0037779210854036,12777.99415597726,0.0019951093857403,298816.47547107446,0.0466561142186244,1971.0744157338788,0.0003077563676129,0.0,0.0,17.648914250210165,2.755637077220741e-06,0.0,0.0,49225.65892658033,0.0076859147801169,16746.68793738391,0.0026147667525978,0.0,0.0,30305.30557376741,0.0047317598403869,1188625.2289206532,0.1855876064271058,286809.8761128318,0.0447814476020923,0.0,0.0,0.0,0.0,0.0,0.0,3577420.807380261,0.558565432291146,1512174.8905918952,0.2361054700975513,349118.2361964841,0.0545100476073469,4.494628698415899,7.017749258738544e-07,27521.43154502385,30656.363790687083,47203.550864020086,31934.71783343565,128447.45486193724,11720.40330843792,7387.47978135447,57932.476119439045,384.44190093769504,0.0,476.90638145251256,0.0,0.3428844522886792,4.27684705551123,1.886550604080223,39241.83485346177,1954.670983191822,212.9699833112585,4.2970959067783525,2024,Q4,3537.67,malaga,4,2024_Q4,20244.0,2608.340909090909,929.3290909090912,3357.33,2849.0,,,688.6700000000001,536.3331818181819,392.9959090909092,0,0,0,0,0,0,4,3619.7497345528527,82.07973455285264,2.3201636826739813
11316400000059.0,29069,Marbella,Málaga,1,San Pedro de Alcántara,1,11893912.273832278,11.893912273832278,2434,43,1,13,11,7,3,12,89,7,9,1135,528,0,0,1,29,0,36,11,0,20,3,1835.7121034010563,660.9697261163725,40.78645359757619,292.5304131700598,212.8970014661085,492.1166504984955,335.948176282388,42,455588.1472417872,0.0383043137323388,966,122854.8392137564,0.010329220225043,38499.48999551193,0.0032369071764733,21603.85858235489,0.0018163795128946,10487.467534692154,0.0008817508733241,262142.49191547185,0.0220400559446036,203813.27066880657,0.0171359318932606,6120.389360946646,0.0005145816801097,87103.27705046914,0.0073233495459777,0.0,0.0,690.5547418484841,5.805951195451216e-05,0.0,0.0,3647.653646795848,0.000306682407169,69934.57389827486,0.0058798629322445,4168.022779815967,0.0003504332875387,4290.527221497179,0.0003607330475218,27.412629347570466,2.304761353241256e-06,0.0,0.0,24864.35926694444,0.0020905114057086,231.3166943316447,1.944832692608328e-05,0.0,0.0,3560.0208887560857,0.0002993145406485,1949141.4662008227,0.1638772357930633,278713.0993165603,0.0234332566862591,1956.4699016095087,0.0001644933859075,0.0,0.0,6795.697801260636,0.0005713593344901,3796472.0473374906,0.3191945559990454,2176494.011413324,0.1829922704408889,235352.54547799504,0.019787647668782,6641.972867725407,0.0005584346609263,21372.72307970708,23147.154507899744,126492.33882256194,29989.556803007305,56954.72757598684,0.0,12888.942458004134,8215.077241943169,2011.6910123449293,0.0,12794.922662633013,96.37395988517936,0.6117654750311832,8.333122953952344,0.4473629788269987,21372.72307970708,204.64250483459745,81.21801958513605,1.7969464199537668,2024,Q4,4416.67,marbella,4,2024_Q4,20244.0,4639.308928571429,-222.63892857142852,4228.0,3687.33,,,729.3400000000001,-438.7417857142855,216.1028571428569,0,0,0,0,0,0,4,4560.659919251579,143.9899192515786,3.2601466546420403
11316400000059.0,29069,Marbella,Málaga,2,Nueva Andalucía,2,16434571.141854314,16.434571141854313,1672,114,0,6,8,2,4,12,56,3,3,600,354,0,2,0,62,0,137,19,7,4,39,2169.894395751403,2752.0647223025544,1127.4840001461382,3387.0623171801385,327.95542603651813,2264.237431093471,1315.608720078923,60,833237.7535152057,0.050700304031249,1835,47710.59777140516,0.0029030631441242,39488.14806532638,0.0024027489202173,1061.7092076629642,6.46021851436746e-05,0.0,0.0,744977.2984708109,0.0453298897817637,124763.92545680728,0.0075915534625097,3941.835860758978,0.000239850241709,18931.625137637548,0.0011519391028965,292.4342024605282,1.779384444756085e-05,0.0,0.0,0.0,0.0,3585.863376791668,0.000218190261604,53704.522577969554,0.0032677775473677,0.0,0.0,22628.71293487832,0.0013768970750474,129.9877718052812,7.909410637083083e-06,36.417549156752514,2.215911132844049e-06,18705.66002520372,0.00113818972602,181.6837011779677,1.105497062319256e-05,1095.3332802671566,6.664812064840835e-05,280.05557350845635,1.70406377562985e-05,6445039.462850834,0.3921635318147791,915793.3194056022,0.0557235909292046,31046.425029480182,0.0018890924966343,29591.14380306262,0.0018005424995667,2613.133468930787,0.0001590022305039,12183594.52399794,0.7413393643701288,6740799.633800609,0.4101597526103771,38926.61363700572,0.002368581041818,107.80191991548136,6.559460480288387e-06,15686.083989642591,19608.18488245106,109107.36918127992,24766.649863049057,81273.47763300248,0.0,17101.05560225229,4351.613372768726,7552.099207211346,0.0,329.28914230922965,0.0,1.0990780429007418,14.621990509412246,0.1497338843929144,15686.083989642591,101.73675878538003,111.65487582007916,0.9544565449410766,2024,Q4,5443.33,marbella,4,2024_Q4,20244.0,4639.308928571429,804.0210714285713,5400.0,5012.0,,,431.3299999999999,885.9282142857146,-81.9071428571433,0,0,0,0,0,0,4,5591.1255661349605,147.7955661349606,2.7151682175242104
11316400000059.0,29069,Marbella,Málaga,3,Nagüeles-Milla de Oro,3,23655467.536534287,23.65546753653429,1908,17,0,2,0,0,5,3,147,5,6,1029,277,1,3,0,28,0,11,25,2,80,3,2113.977687264167,3920.815339890213,2128.9197756662743,6833.52103907414,437.7992501361607,1933.884820807356,315.20164893013094,30,558426.3175475388,0.0236066489358152,1127,146671.53652167306,0.0062003228765252,17888.0645404545,0.0007561915448438,1783.170742469754,7.538091308978637e-05,841.3041376198101,3.556489155500614e-05,391243.9253037573,0.0165392598856694,248875.9706837527,0.0105208645865646,5044.962658142378,0.0002132683554172,27627.2070548662,0.0011678994301084,0.0,0.0,0.0,0.0,0.0,0.0,6924.787427828924,0.0002927351749498,35999.94888512083,0.0015218447417926,1735.494102121358,7.336545343866079e-05,66846.0127309767,0.0028258165951587,91908.24732778064,0.0038852855977517,0.0,0.0,6529.922721548204,0.0002760428518888,0.0,0.0,0.0,0.0,5861.4430476261605,0.000247783859633,3426379.515724316,0.1448451403648016,1829402.7537105444,0.0773353031761115,0.0,0.0,0.0,0.0,1767.79531114584,7.47309394082192e-05,16933421.853404824,0.7158354332778368,3840800.655904072,0.162364182824635,22054.03222293824,0.0009323016841192,2511.4496301730064,0.0001061678289086,32404.53153256217,16889.765320965682,98549.01322298276,24909.90869208412,49066.33539814928,0.0,31047.97345077032,12108.526971951153,6637.276342448474,0.0,0.0,267.34554934014227,3.2759966645940386,30.32346671579095,0.4456737851760008,32404.53153256217,80.65788583773377,47.64226275635532,1.369853776194258,2024,Q4,6308.67,marbella,4,2024_Q4,20244.0,4639.308928571429,1669.3610714285714,6311.67,5846.67,,,462.0,1720.598214285715,-51.237142857143226,0,0,0,0,0,0,4,6467.625804413954,158.95580441395396,2.5196405013093717
11316400000059.0,29069,Marbella,Málaga,4,Marbella Pueblo,4,12678384.45889595,12.67838445889595,6552,178,0,40,30,13,21,20,112,5,14,495,678,0,4,0,95,0,175,65,18,2328,1896,1154.2888915398482,2373.5073628536425,628.8993622813564,4848.862015652798,376.7428758260911,1080.482528858865,433.0935707338615,123,1256691.4884555514,0.0991207903916952,2860,311042.93760792067,0.0245333258836202,20143.739603142967,0.0015888254271236,26574.81927979364,0.0020960729946272,4375.140863601772,0.000345086621863,895786.2181871961,0.0706546028077462,515037.68527101225,0.0406232897370161,8698.32180858394,0.0006860749361864,123798.08181863264,0.0097644997452154,4632.1295436604,0.000365356450475,0.0,0.0,8358.474144545246,0.0006592696547138,6994.408019716089,0.0005516797540248,125300.1823146727,0.0098829770244705,5168.561028652106,0.0004076671633841,107906.64264828956,0.0085110719743614,25587.13708046328,0.0020181701512064,515.9209078528411,4.069295339051172e-05,90564.41617484114,0.0071432142216901,132.82318582097545,1.0476349431711574e-05,397.9338368020968,3.138679364805675e-05,2344.484520457802,0.0001849198159322,5454976.097293434,0.4302579808159927,1375226.7246518212,0.108470186332524,0.0,0.0,0.0,0.0,8175.792169302336,0.0006448607230525,11646628.963413369,0.9186209016750052,5507354.493192012,0.4343892955011083,186438.65719271576,0.0147052377057314,1590.0245101309124,0.0001254122333398,19589.23849836531,14748.430273497745,96110.10240582596,27106.72862561728,95889.19889397173,0.0,15157.998808402474,10944.048617117136,4179.314019227719,0.0,6322.92126117594,0.0,1.0943232585595473,9.26769145044308,0.4098362167659569,19589.23849836531,516.7850857687713,225.5807914070033,1.5450894837488756,2024,Q4,4205.33,marbella,4,2024_Q4,20244.0,4639.308928571429,-433.9789285714287,4218.33,3718.67,,,486.6599999999999,-407.4017857142853,-26.57714285714337,0,0,0,0,0,0,4,4350.581403252876,145.25140325287612,3.453983474611413
11316400000059.0,29069,Marbella,Málaga,5,Río Real-Los Monteros,5,12940369.044434398,12.940369044434398,901,2,0,2,0,0,1,2,74,1,5,528,125,0,0,0,17,0,2,5,0,12,0,2901.908017557494,2636.985463931735,1672.8520287889469,4614.516686620956,1587.103754678373,2463.9840575210505,1033.880606956801,18,163505.9473819577,0.0126353388238398,216,33386.684340340194,0.0025800411275518,9553.31430934815,0.0007382567125051,26162.732306361497,0.0020217918218966,0.0,0.0,94403.21642590786,0.0072952491618861,183757.11605489656,0.0142002994987171,1619.316648226787,0.0001251368212657,0.0,0.0,84927.27512045148,0.0065629716454631,0.0,0.0,0.0,0.0,0.0,0.0,33301.723706402736,0.0025734755780188,3860.5923005673103,0.0002983371098081,18144.9852659386,0.0014021999839133,0.0,0.0,0.0,0.0,0.0,0.0,0.0,0.0,0.0,0.0,45481.159817616805,0.0035146725461572,2513611.262597421,0.1942457169471929,332101.2894736796,0.0256639735955996,0.0,0.0,0.0,0.0,1081.7575696236313,8.359557334950126e-05,10049477.262239236,0.7765989692976706,2602522.467203025,0.2011165568977617,708.8718596033091,5.477987970584131e-05,732.8428927744712,5.663230239091706e-05,27791.24342563276,0.0,76930.5022210008,19558.43750111077,35558.092134627266,0.0,27293.14681146896,761.0408772016723,1405.2635729028625,0.0,7756.602245186344,1584.9443419525462,2.031126664131941,61.4624570120481,1.1238558535397327,27791.24342563276,69.62707144642962,16.691950535437066,2.1476391693470025,2024,Q4,4335.67,marbella,4,2024_Q4,20244.0,4639.308928571429,-303.6389285714285,4323.0,4343.67,,,-8.0,217.59821428571468,-521.2371428571432,0,0,0,0,0,0,4,4474.315484223296,138.64548422329608,3.197786829331939
11316400000059.0,29069,Marbella,Málaga,6,Las Chapas-El Rosario,6,15665788.846269293,15.665788846269292,931,12,3,4,1,0,0,2,37,1,7,730,33,0,0,0,11,0,6,3,0,1,0,6314.8684866592175,5835.198586117365,1660.5862561761585,2249.065576997277,1815.0682032540665,3933.483834971218,1859.533516178073,16,96571.0416276168,0.0061644544411572,462,50106.97587288794,0.0031984968241685,4511.1604331337085,0.0002879625454806,5646.308772989878,0.0003604228825243,0.0,0.0,36307.26912920182,0.0023176151220656,249165.2178275282,0.0159050540175552,4389.032543368394,0.0002801667114524,25019.93817737408,0.0015971068181052,0.0,0.0,0.0,0.0,0.0,0.0,0.0,0.0,18364.80313888905,0.0011722871614768,420.1231719091604,2.681787530981628e-05,197303.15646224105,0.0125945241824976,0.0,0.0,0.0,0.0,3209.5645825550405,0.0002048773039168,2260.401645126541,0.000144289040744,0.0,0.0,380.74016065245297,2.4303925221303093e-05,2225305.553438313,0.1420487391522741,633305.9386851838,0.0404260484358565,0.0,0.0,0.0,0.0,0.0,0.0,13864968.64358462,0.8850475887070617,2231302.2865231186,0.1424315307974094,123.85121222052084,7.905839497512137e-06,0.0,0.0,14383.00782942087,0.0,57082.83413624157,10510.663039499555,56149.74375365369,0.0,22401.495817970164,3385.226319266243,2299.8876557679514,0.0,0.0,0.0,6.557928008281076,143.57273577834155,2.5801235404060647,14383.00782942087,59.42886177874865,29.491014115770007,0.9181157725642456,2024,Q4,4697.33,marbella,4,2024_Q4,20244.0,4639.308928571429,58.0210714285713,4776.0,4109.33,,,588.0,-16.74178571428547,74.76285714285677,0,0,0,0,0,0,4,4834.794375410149,137.46437541014893,2.9264364098359903
11316400000059.0,29069,Marbella,Málaga,7,Elviria-Cabopino,7,23873339.26685604,23.87333926685604,1795,54,0,5,14,2,2,6,79,10,5,1245,126,0,0,0,23,0,23,15,10,2,3,5212.442456179464,9420.45584728975,1961.099865805097,2858.857356308924,1536.326852540982,318.555509711561,2332.7078307484844,21,250555.75603699463,0.0104952119699839,527,112325.92927568112,0.0047050782473328,18623.29535310999,0.0007800875757236,0.0,0.0,0.0,0.0,119606.53308173612,0.0050100462170279,323005.5980276142,0.0135299714219724,16261.02078547373,0.0006811372554006,0.0,0.0,0.0,0.0,0.0,0.0,0.0,0.0,0.0,0.0,38742.9846266394,0.0016228556966233,0.0,0.0,266319.0321265446,0.0111554998297319,46.77448362386639,1.95927696167769e-06,0.0,0.0,837.9223807806251,3.509866681884482e-05,23.678378910265,9.918335531359156e-07,0.0,0.0,2166.687690347463,9.075762992886088e-05,5612900.731942977,0.2351116728666236,3663546.568638715,0.1534576511349172,0.0,0.0,226.4818404982398,9.48681028517323e-06,0.0,0.0,16887151.93644972,0.7073644682750596,5655048.573147855,0.2368771502777955,101.35793942383194,4.245654044909827e-06,417.0082404396054,1.746752876831724e-05,24254.09891281685,0.0,98882.76514760428,26387.27797725639,79547.34862490758,0.0,19858.3564883174,5600.592270372697,4254.481129447751,0.0,0.0,0.0,14.621681922498595,67.39877863308368,1.2891565659287154,24254.09891281685,75.18847614636148,22.074833943806407,1.0159491574138284,2024,Q4,4226.33,marbella,4,2024_Q4,20244.0,4639.308928571429,-412.9789285714287,3921.67,3412.0,,,814.3299999999999,-714.0717857142854,301.0928571428567,0,0,0,0,0,0,4,4371.067270651428,144.73727065142793,3.424656159160026
11316400000060.0,29070,Mijas,Málaga,1,Sitio de Calahonda,1,5243272.980160067,5.243272980160067,2504,53,0,7,10,6,2,5,31,67,3,555,167,0,2,0,9,0,22,12,2,2,1268,1659.0294304136808,10214.275401955418,509.6377479821023,3668.866844698506,269.7052904591928,1335.2259941189366,967.2916220268196,14,586592.0328603265,0.1118751655845351,1647,405232.2284538232,0.0772861207087967,12652.921603781517,0.0024131723928276,4488.765889979543,0.0008560999793381,739.6915552646462,0.0001410743934301,163478.42535747684,0.0311786981101422,159947.7685149785,0.0305053292323711,1668.937768189659,0.0003183007588017,0.0,0.0,132.65671455177028,2.5300363924161075e-05,0.0,0.0,0.0,0.0,0.0,0.0,33383.3867006868,0.006366898467237,0.0,0.0,105013.47954184696,0.0200282304467468,0.0,0.0,0.0,0.0,21810.09786570481,0.0041596342491096,0.0,0.0,0.0,0.0,346.7290005506512,6.612835186392798e-05,3685583.388458724,0.7029165565868001,482300.2297474624,0.0919845736761046,0.0,0.0,0.0,0.0,0.0,0.0,3831266.447461447,0.7307013123212376,3705410.1864599697,0.7066979347596071,183.9505120048269,3.5083146099940674e-05,0.0,0.0,12988.08114603074,1826.8921519093008,34191.74423365146,22085.50192650934,23033.09992178448,0.0,745.6774924294331,1871.8964128163543,0.0,0.0,0.0,0.0,0.8222072628481826,6.531398711252492,0.2726729303409939,12988.08114603074,477.56430181583977,314.11677519596174,2.4770942110350007,2024,Q4,3146.0,mijas,4,2024_Q4,20244.0,2910.4355555555558,235.5644444444447,3060.33,2833.33,,,312.6700000000001,235.5802777777776,-0.015833333332921,0,0,0,0,0,0,4,3230.9219551338474,84.9219551338474,2.6993628459582775
11316400000060.0,29070,Mijas,Málaga,2,Riviera del Sol,2,3658686.876475648,3.658686876475648,1893,10,0,2,0,1,0,2,19,79,4,317,147,0,0,0,12,0,3,8,2,0,1048,1211.2254071071975,8821.580304433879,1024.070054644232,2161.330951839924,538.8136334581163,1207.541908269656,537.7586415579913,14,461841.4336378152,0.1262314729930371,1301,294002.13926690066,0.0803572836902916,5656.330036806207,0.001546000034377,0.0,0.0,0.0,0.0,162346.59084334678,0.0443729120103692,18194.741799124404,0.0049730251353597,610.7469514214469,0.0001669306426161,0.0,0.0,0.0,0.0,0.0,0.0,0.0,0.0,0.0,0.0,8989.578469386588,0.0024570505137204,0.0,0.0,6219.109022123344,0.0016998199715068,0.0,0.0,0.0,0.0,2075.52418051154,0.0005672866387819,106.56039362030114,2.9125311134291165e-05,0.0,0.0,31.34088726290223,8.566157291135116e-06,3096284.36408423,0.8462829612428678,369.5757107150128,0.0001010132113494,0.0,0.0,0.0,0.0,5729.257208057912,0.0015659326423628,3232579.1734147216,0.883535345481276,3097593.068797017,0.846640659170286,1304.8129162224293,0.0003566342133873,0.0,0.0,8931.495820078644,290.9745990772894,36601.6301279467,10756.356762323576,12552.916065634914,0.0,1040.6728898935892,181.67199025554672,0.0,0.0,0.0,0.0,0.0008002220757959,6.999326907387812,0.039396079420093,8931.495820078644,517.3987454820117,355.59205909777984,2.44117524172558,2024,Q4,2697.67,mijas,4,2024_Q4,20244.0,2910.4355555555558,-212.76555555555524,2672.33,2294.33,,,403.34000000000015,-303.4197222222224,90.65416666666717,0,0,0,0,0,0,4,2780.4993581121244,82.82935811212428,3.0704036487829973
11316400000060.0,29070,Mijas,Málaga,3,La Cala de Mijas,3,5969404.02989164,5.96940402989164,2688,47,1,4,17,2,0,3,24,63,4,269,396,2,0,0,12,0,14,8,2,240,1318,2594.9596850404982,7119.126604905682,1004.7611359971678,914.1969713207468,274.5167432236314,2634.825068822869,982.1915235809224,9,528552.3436915077,0.0885435700188486,929,267382.84624316497,0.0447922179340269,23233.596882781407,0.0038921133108832,16171.258906883731,0.0027090240208078,14312.453723121407,0.0023976352834306,207452.8970121432,0.0347526982548556,227767.2397517644,0.03815577545283,4234.086346807839,0.0007092980012084,21062.427727581915,0.0035283970765108,1145.6878637053717,0.0001919266744164,0.0,0.0,331.64608878055753,5.555765485463007e-05,9763.19777147517,0.0016355397829642,29181.69635284736,0.0048885443516171,0.0,0.0,29942.802332489933,0.0050160455185395,0.0,0.0,0.0,0.0,18349.82599839111,0.0030739795642085,873.7033050599765,0.0001463635734295,0.0,0.0,112793.59737839283,0.0188952861648469,3496453.998914784,0.5857291584564186,20223.63066997769,0.0033878810294475,30347.14531690182,0.0050837814235624,0.0,0.0,0.0,0.0,4215310.4552449845,0.7061526467528288,3623041.8721556575,0.606935274277527,1241.4098548275847,0.0002079621095525,151.92801089832565,2.545111876119458e-05,9871.266651659367,1664.9028939021773,48902.159546829615,11229.583155728978,35075.356626690045,0.0,4969.101965181987,1150.6725850812843,1.73846868379028,0.0,0.0,0.0,0.0382623044081005,7.975199628851323,0.4309265533864909,9871.266651659367,450.2962082211068,155.62692612998816,1.653643580201516,2024,Q4,3761.0,mijas,4,2024_Q4,20244.0,2910.4355555555558,850.5644444444447,3496.67,3188.67,,,572.3299999999999,590.9202777777778,259.64416666666693,0,0,0,0,0,0,4,3842.972253047801,81.97225304780113,2.179533449821886
11316400000060.0,29070,Mijas,Málaga,6,Mijas Pueblo,6,21975514.65567656,21.97551465567656,2790,34,0,3,6,3,4,2,24,69,5,12,173,0,1,0,29,0,17,35,1,49,2119,2357.2525057251614,3953.390805468373,903.6165063375596,3928.146656588337,574.4022979806715,1178.7779261951086,542.6273440859941,27,442930.9845697471,0.0201556592193544,2346,290860.063164386,0.013235642838028,9020.174492989468,0.0004104647665514,3806.3039719789217,0.0001732065906814,6638.556808556114,0.000302088798036,132605.88613183677,0.0060342562260576,59015.11923188032,0.0026854942947438,826.1727072119809,3.759514715158535e-05,9996.700845257992,0.0004549017850954,0.0,0.0,0.0,0.0,688.4745247339674,3.1329165005749953e-05,1666.9222200114752,7.585361463108612e-05,28085.59841452881,0.001278040530772,0.0,0.0,10606.624527884209,0.0004826564789982,278.7306795538843,1.26836929155552e-05,300.0930453197303,1.3655791457981276e-05,1002.1181457800392,4.560157800541791e-05,148.08140157897165,6.73847251812691e-06,0.0,0.0,5081.522608521312,0.0002312356587839,3289356.4702959578,0.1496827956858008,1040633.1244608572,0.0473542094811439,372626.9243731841,0.0169564595055765,0.0,0.0,10450.38169286729,0.0004755466188896,4929575.699802678,0.2243212856236477,3347118.4402999296,0.1523112651851057,1391.7992433359268,6.333409092543855e-05,29.37044410002155,1.336507679579408e-06,2277.8577590227555,11603.739482049632,69755.09391488518,9242.552098244174,80021.966033174,0.0,34293.48645011898,3467.220341472301,0.0,0.0,557.1057569932408,0.0,2.349424991049914,11.129444250959375,0.1332377306795843,2277.8577590227555,126.95948393997256,106.75517896888014,0.1036543532523983,2024,Q4,3243.67,mijas,4,2024_Q4,20244.0,2910.4355555555558,333.2344444444448,3156.33,3059.33,,,184.34000000000012,461.5802777777776,-128.34583333333285,0,0,0,0,0,0,4,3322.5060309535293,78.83603095352919,2.4304578133265466
11316400000060.0,29070,Mijas,Málaga,7,Mijas Golf,7,10252473.664887344,10.252473664887342,1054,28,0,0,0,0,1,0,21,36,4,2,155,1,0,0,17,0,2,21,0,60,530,3848.304884062868,4752.184336954836,2975.6183673144624,3172.3406404138536,455.92499905707314,1542.7403504248432,887.4539462703125,17,318446.54753000895,0.0310604599376464,830,249295.35603332208,0.0243156299817778,6382.814872152696,0.000622563400871,0.0,0.0,36262.29434719631,0.0035369312355697,26508.140924467883,0.0025855361145918,53077.57626341516,0.0051770507292493,638.1246719833239,6.224104473135809e-05,10744.12235397066,0.0010479541528369,0.0,0.0,0.0,0.0,0.0,0.0,0.0,0.0,19131.09808312779,0.0018659982662182,37.96529543459754,3.7030375961482383e-06,20272.834939891687,0.0019773603524895,0.0,0.0,0.0,0.0,2119.004017431695,0.0002066822199884,0.0,0.0,0.0,0.0,30.96850870191624,3.0205889538616565e-06,1487463.7018955648,0.1450833965065258,1167590.5970356122,0.1138837938237651,0.0,0.0,0.0,0.0,2145.4378246675024,0.0002092605057855,3526318.445235468,0.3439480617553204,1565710.9210934734,0.1527154296875414,617.1567706425459,6.019588938386484e-05,0.0,0.0,3919.481551776248,5563.582318557373,43778.58208154226,11041.177504317891,36215.64902975353,0.0,17235.15791745833,101.17618706786116,0.0,0.0,3731.47296575795,0.0,3.666519879358771,11.073501887760584,0.1666765636962878,3919.481551776248,102.80445816795785,80.956072371352,0.3822961833298517,2024,Q4,2686.67,mijas,4,2024_Q4,20244.0,2910.4355555555558,-223.76555555555524,2647.0,2417.0,,,269.6700000000001,-180.74972222222232,-43.01583333333292,0,0,0,0,0,0,4,2762.78680681024,76.11680681023972,2.8331282520830516
11316400000060.0,29070,Mijas,Málaga,8,Campo de Mijas,8,6223525.215311875,6.2235252153118745,1014,8,1,2,0,0,0,0,7,49,5,146,181,0,0,0,8,0,15,1,0,8,462,1628.6946064447443,2353.028696151432,670.7189197988968,626.1038717352468,276.28808974654623,1142.9618427630096,536.5689920671842,10,483452.380699949,0.0776814368021681,2010,393289.9011766184,0.0631940721006478,4849.57858330727,0.0007792333790784,9421.015810557272,0.0015137748277099,49670.91709187244,0.0079811546307655,26220.96803759347,0.0042132018639663,78405.31637819864,0.0125982162304567,1924.783057861532,0.0003092753690667,40268.24792248718,0.0064703277530577,0.0,0.0,0.0,0.0,0.0,0.0,0.0,0.0,21027.67481089118,0.003378740196819,0.0,0.0,0.0,0.0,0.0,0.0,0.0,0.0,15291.42796727249,0.0024570363962936,0.0,0.0,0.0,0.0,0.0,0.0,2622898.141667315,0.4214489458826553,175349.63784723956,0.0281752916202256,0.0,0.0,0.0,0.0,0.0,0.0,2821670.660759811,0.4533878409968667,2723472.1590905995,0.4376092431328118,963.524497705581,0.0001548197306785,0.0,0.0,14930.55774868728,1506.057902491529,56007.68391148619,8712.650148480996,8506.173809499927,0.0,10630.45759746762,373.4781888616061,0.0,0.0,0.0,0.0,0.3627030186365061,5.8365017391552,0.1621779507311974,14930.55774868728,162.93016657267393,322.9680816677264,2.399051539464049,2024,Q4,2385.0,mijas,4,2024_Q4,20244.0,2910.4355555555558,-525.4355555555553,2343.33,2241.0,,,144.0,-356.7497222222223,-168.685833333333,0,0,0,0,0,0,4,2460.820370798881,75.82037079888096,3.179051186535889
11316400000060.0,29070,Mijas,Málaga,10,Las Lagunas,10,3617376.022040483,3.617376022040483,6002,48,6,20,11,8,5,3,70,206,45,7,923,0,2,0,16,0,108,8,2,275,3839,835.144235760982,1503.8983283448954,227.1878302484444,238.2001506771453,93.81652403773371,173.18486512167354,74.35280808230397,30,989480.916572864,0.2735355435940329,985,588277.7554349357,0.1626255473167815,44981.444155220444,0.0124348267587198,32171.38453657885,0.0088935693554002,194777.03119092708,0.0538448394648941,129280.15837977036,0.0357386563055853,304833.7807685558,0.0842693098287873,1769.41044751747,0.0004891419738331,95481.79540651062,0.026395319376461,3445.0091869462867,0.0009523503130324,0.0,0.0,0.0,0.0,1656.6253142185976,0.0004579632595906,99726.30870581268,0.0275686873850507,0.0,0.0,0.0,0.0,0.0,0.0,0.0,0.0,103733.42080714936,0.0286764273813689,573.5409005253424,0.0001585516399265,0.0,0.0,4984.514030952856,0.0013779363827764,2475623.957817193,0.6843700911194595,56649.407349001216,0.0156603590569073,6944.913452615036,0.0019198760124189,0.0,0.0,1443.2008509649831,0.0003989634591957,2585385.552517499,0.7147129678432321,2548345.496291975,0.704473485964699,218.2237847410396,6.032654150727307e-05,0.0,0.0,5293.119251768961,4385.236058458432,62673.86097549551,10302.65568550012,15705.023141964151,0.0,1571.8303781804536,711.1016176348954,0.0,0.0,3067.5471220260074,23.680093108893534,0.0572516421490503,2.612870555876458,0.3080744415203688,5293.119251768961,1659.2137404102111,272.29682344286203,1.4632482825999458,2024,Q4,2777.33,mijas,4,2024_Q4,20244.0,2910.4355555555558,-133.10555555555538,2651.0,2373.67,,,403.6599999999999,-224.07972222222224,90.97416666666686,0,0,0,0,0,0,4,2857.263812604795,79.9338126047951,2.878081200462138
11316400000060.0,29070,Mijas,Málaga,11,Hipódromo - Cerrado del Águila,11,6423101.159595845,6.423101159595845,323,1,0,1,0,0,0,0,25,12,0,18,73,0,0,0,0,0,0,4,0,11,118,3086.424733558558,3957.07821240937,1990.6533306572253,2351.400891472332,912.214769731542,2480.6075235520725,1129.9704569690073,0,108621.496021443,0.0169110673057308,376,65213.01167156287,0.0101528856624245,0.0,0.0,0.0,0.0,2778.121811621168,0.0004325203266448,40630.36253825889,0.0063256613166614,29762.726226909283,0.004633700371112,159.55695231305765,2.484110842232124e-05,0.0,0.0,0.0,0.0,0.0,0.0,0.0,0.0,5051.495793729269,0.0007864574553963,23993.087727686067,0.0037354366888401,0.0,0.0,0.0,0.0,0.0,0.0,0.0,0.0,0.0,0.0,0.0,0.0,0.0,0.0,558.5857531808842,8.696511845316034e-05,1634342.0884612778,0.2544475087426638,62159.14286623939,0.0096774348280933,0.0,0.0,0.0,0.0,294939.59672459366,0.0459185663429831,2635669.710293364,0.410342238866312,1955947.500611221,0.3045176234985988,4107.262701260779,0.000639451660375,12504.111276760475,0.0019467405177139,2629.194544126585,2342.3669634599914,25088.50165215037,5234.133315809623,27311.59821000107,0.0,5681.916395332903,2429.011051037408,0.0,0.0,0.0,0.0,0.5722545273487698,24.264715611620662,0.2740040168546364,2629.194544126585,50.28723539834827,58.53870126866548,0.4093341329676364,2024,Q4,2936.0,mijas,4,2024_Q4,20244.0,2910.4355555555558,25.56444444444469,2850.0,2522.33,,,413.6700000000001,-75.41972222222239,100.98416666666708,0,0,0,0,0,0,4,3008.1958974806557,72.19589748065573,2.4589883338098
11316400000060.0,29070,Mijas,Málaga,12,Calaburra - Chaparral,12,6480234.41024059,6.480234410240589,2996,13,1,4,1,1,0,4,33,76,3,565,193,2,0,0,10,0,2,13,2,3,1803,2084.9155086368214,3954.5939760884967,802.5503566899523,2358.696682358557,578.2067351671672,2325.992864356597,749.4341464509251,12,447735.5023942901,0.0690924855568098,1869,337033.4059443425,0.052009446666271,7577.137401328077,0.0011692690297366,8161.91168820356,0.001259508710874,383.6813458682511,5.920794242596023e-05,94579.36601454738,0.014595053207502,71495.16367324919,0.011032805165237,2825.234009060349,0.0004359771314129,13769.44198361397,0.0021248370216136,0.0,0.0,0.0,0.0,0.0,0.0,183.08977500394647,2.8253572851410007e-05,26675.05253584573,0.00411637154571,0.0,0.0,24513.756796207897,0.003782850317493,0.0,0.0,0.0,0.0,2351.5261764508355,0.0003628767151902,91.8765072922224,1.4177960468070682e-05,0.0,0.0,1039.7135639770877,0.0001604438201084,3164536.2662330577,0.4883366967763082,6740.608233426201,0.0010401796920762,0.0,0.0,0.0,0.0,0.0,0.0,5492830.792226099,0.8476284104084082,3177401.884512816,0.4903220598766656,4237.836514634796,0.0006539634597072,49.614965124015576,7.656353456228374e-06,12359.518966478969,408.0018351256719,49104.37740417621,12072.757148877276,51008.89402141671,0.0,7891.329254975564,5469.695519395355,88.0101758685939,0.0,0.0,0.0,0.0150548888738225,12.268026017237002,0.1596816944172736,12359.518966478969,462.3289545306384,288.4154926628048,1.9072641796641585,2024,Q4,4038.33,mijas,4,2024_Q4,20244.0,2910.4355555555558,1127.8944444444446,3745.67,3491.0,,,547.3299999999999,893.2502777777777,234.64416666666693,0,0,0,0,0,0,4,4124.192183788803,85.86218378880312,2.126180470362826
11316400000481.0,29082,Rincón de la Victoria,Málaga,1,La Cala del Moral,1,4834696.336733693,4.8346963367336935,1030,14,0,7,3,4,8,2,18,3,0,311,90,0,9,0,42,0,27,12,3,6,322,528.5936647322409,9759.575192798944,864.4486359401949,1572.0435408587475,1147.9430886234502,635.0814020905354,1673.3812470389976,48,273202.80041143164,0.0565087818102773,742,45066.50045631622,0.009321474880212,366.0096258762056,7.570478069021407e-05,451.684270640456,9.34255719865154e-05,0.0,0.0,227318.6060585988,0.0470181765773886,109873.2591700546,0.022725989703892,1062.4267019877834,0.000219750451319,37847.72391665697,0.0078283559670733,1042.8239185085897,0.0002156958464144,0.0,0.0,0.0,0.0,0.0,0.0,24330.546986712543,0.0050324871082079,2415.2979291463453,0.0004995759321624,1034.3947930844706,0.0002139523810885,0.0,0.0,0.0,0.0,39892.10540040105,0.0082512122007133,0.0,0.0,0.0,0.0,236.33411801252743,4.888292905117472e-05,1404277.5124000802,0.2904582655440995,87561.06011120738,0.0181109740948825,998.5520849902832,0.0002065387390317,1511.728323253706,0.0003126832003424,16730.65761717161,0.0034605394944979,1675736.1607659818,0.3466062900442894,1462196.6947014434,0.3024381663004918,41.46300511122325,8.576134305724676e-06,74.70578468569629,1.5452011767127302e-05,13191.333077650886,772.7115849356603,43790.12540100696,6460.956950729303,16929.903245097652,0.0,3330.861161200575,6569.603668572173,0.0,0.0,0.0,0.0,0.3204983989147391,6.133671244351309,0.4021673972748011,13191.333077650886,213.04336989567065,153.47396161416273,2.7284718954164786,2024,Q4,2705.33,rincon_de_la_victoria,4,2024_Q4,20244.0,2759.3210714285715,-53.99107142857156,2679.0,2607.33,,,98.0,189.99740740740756,-243.9884788359791,0,0,0,0,0,0,4,2777.8915950587925,72.56159505879259,2.6821716780870575
11316400000481.0,29082,Rincón de la Victoria,Málaga,2,Cotomar - Urbanizaciones,2,5574304.942669306,5.574304942669306,361,1,0,0,0,0,1,0,10,0,1,296,9,0,7,0,13,0,2,0,0,1,0,1578.618062713104,12015.639656217878,2141.2037423673705,2355.3294360724985,1471.113870294242,2064.200883972652,1525.0078430978456,14,77667.28537929604,0.0139330887308982,395,8459.480423958907,0.0015175847950485,2613.6049742801792,0.0004688665225818,0.0,0.0,0.0,0.0,66594.19998105691,0.0119466374132678,11454.488016771167,0.0020548728737624,0.0,0.0,576.6511834670313,0.0001034480871423,0.0,0.0,0.0,0.0,0.0,0.0,0.0,0.0,6321.662119085886,0.0011340718141728,0.0,0.0,0.0,0.0,0.0,0.0,0.0,0.0,4538.7542743571485,0.0008142278402486,0.0,0.0,0.0,0.0,0.0,0.0,1071348.5879813433,0.1921941119117029,47802.9591836512,0.0085755909795563,0.0,0.0,0.0,0.0,0.0,0.0,1105792.630705869,0.198373185909049,1081541.0430149056,0.1940225829297742,0.0,0.0,0.0,0.0,3079.2261531313006,1380.9532654556206,19201.217618041253,5375.025768070968,30157.81961402793,0.0,4586.938312818568,0.0,0.0,0.0,0.0,0.0,0.6154838417434719,14.237559936482672,0.1474815034500631,3079.2261531313006,64.76143729358515,70.8608524403494,0.5523964305506376,2024,Q4,2674.33,rincon_de_la_victoria,4,2024_Q4,20244.0,2759.3210714285715,-84.99107142857156,2585.33,2331.67,,,342.65999999999985,-85.66259259259232,0.6715211640207599,0,0,0,0,0,0,4,2745.4813023597035,71.15130235970355,2.6605281457300913
11316400000481.0,29082,Rincón de la Victoria,Málaga,4,Playa del Rincón,4,1041801.152811417,1.041801152811417,369,63,4,10,9,2,4,6,7,2,4,73,36,0,8,0,28,0,74,4,12,4,1,213.9261083809206,11483.73755326329,168.51865984404554,513.6310137351763,139.75201256461858,281.20727226221896,288.1677490347212,36,99208.74281639812,0.0952280985182942,162,21428.99924681685,0.0205691836575418,1616.6863381180056,0.0015518185344249,684.3517952880647,0.0006568929142008,0.0,0.0,75478.70543617524,0.0724502034121266,18328.95688881952,0.0175935271710506,994.0931104377876,0.0009542061916087,0.0,0.0,831.9513245415783,0.0007985701708012,0.0,0.0,0.0,0.0,7198.754093294034,0.0069099118136579,5891.971652189907,0.0056555626150823,0.0,0.0,1023.445986249468,0.0009823813147908,285.1496382648654,0.0002737083151572,0.0,0.0,1266.054218978011,0.0012152551526377,0.0,0.0,0.0,0.0,305.3337048498653,0.0002930825177394,730733.5966694708,0.701413695595848,3344.1647937650564,0.0032099837716059,0.0,0.0,0.0,0.0,6213.968633956672,0.0059646398136415,858699.1315582165,0.8242447507769797,738045.4942929654,0.7084322111770246,1339.9016521190624,0.0012861395368043,336.20615691035334,0.0003227162458047,2703.2819570154843,291.42606597193856,13363.694121831217,1952.8244311906824,9752.030586772871,0.0,1062.042836826729,455.961048237322,0.0,0.0,0.0,0.0,0.0337083678191575,8.65547841019136,0.1847514278308664,2703.2819570154843,354.1942711468616,155.49992391813433,2.5948156706492167,2024,Q4,3272.67,rincon_de_la_victoria,4,2024_Q4,20244.0,2759.3210714285715,513.3489285714286,3134.33,3001.0,,,271.6700000000001,583.6674074074076,-70.31847883597902,0,0,0,0,0,0,4,3352.1675244427947,79.49752444279466,2.4291335344778013
11316400000481.0,29082,Rincón de la Victoria,Málaga,5,Lo Cea - Los Cortijos,5,5829058.792351227,5.829058792351227,302,2,0,1,0,0,2,0,15,0,4,177,32,1,1,0,15,0,1,3,0,1,0,1005.844985570842,13716.894897341916,1493.2903286525504,1439.1359921405724,288.3120355076758,1248.6685119760384,638.5955606925844,15,117339.29425799864,0.0201300584602043,596,8696.599823160734,0.0014919389446838,0.0,0.0,291.1966353640594,4.995602990763478e-05,0.0,0.0,108351.4977994738,0.0185881634856128,9052.731365808097,0.0015530348360333,1239.8047867182952,0.0002126938208866,0.0,0.0,0.0,0.0,0.0,0.0,0.0,0.0,0.0,0.0,6.146475996026896,1.0544542806965984e-06,3811.921309261184,0.0006539514259597,494.28938205320816,8.479746038962666e-05,0.0,0.0,0.0,0.0,2978.51812294652,0.0005109775401227,230.85465346880028,3.960410448625481e-05,0.0,0.0,0.0,0.0,1493446.021721821,0.256207061023555,394664.1628419061,0.0677063273679408,14354.234991246103,0.0024625304877832,0.0,0.0,1564.9739159687977,0.0002684779776148,2552740.7802471123,0.4379336135015085,1536234.3841526313,0.2635475878487359,0.0,0.0,0.0,0.0,5076.089530437058,2759.737570798403,29761.604818622283,7449.884383880591,28199.200846774707,0.0,3042.527142320187,199.5628793645041,0.0,0.0,0.0,0.0,3.3634441500114933,21.75520823069332,0.0771500410239927,5076.089530437058,51.809393378615134,102.2463524955451,0.87082489836915,2024,Q4,3070.0,rincon_de_la_victoria,4,2024_Q4,20244.0,2759.3210714285715,310.6789285714285,2963.67,2866.33,,,203.67000000000007,448.99740740740754,-138.31847883597902,0,0,0,0,0,0,4,3149.8924122637927,79.89241226379272,2.6023587056610005
11316400000481.0,29082,Rincón de la Victoria,Málaga,6,Torre de Benagalbón,6,713715.3348906615,0.7137153348906615,121,9,0,4,0,3,1,1,2,0,1,56,2,0,4,0,18,0,2,2,0,1,1,254.1192814827447,13904.97478997967,199.9118814895638,1594.3361055688597,271.7167772072036,142.51362442287305,313.51373643405765,20,49064.60366826321,0.0687453404315317,225,2721.746915282948,0.0038134908726599,829.8440638651563,0.0011627101496877,225.0728823467689,0.000315353855163,0.0,0.0,45287.93980676834,0.063453785554021,7395.247199440983,0.010361620155708,272.99451861325133,0.0003824977624378,0.0,0.0,0.0,0.0,0.0,0.0,0.0,0.0,872.0650321031818,0.0012218667436041,4772.8672632911785,0.0066873542292913,1435.7991403231592,0.0020117252217133,0.0,0.0,0.0,0.0,0.0,0.0,0.0,0.0,0.0,0.0,0.0,0.0,0.0,0.0,562747.6184652408,0.7884762887313492,6761.343759877164,0.0094734461056703,0.0,0.0,0.0,0.0,0.0,0.0,699165.9794159957,0.9796146239776468,564437.3867677336,0.7908438549302058,0.0,0.0,0.0,0.0,2133.8611316806864,0.0,7227.627548558874,645.5588755346905,5116.210184827523,0.0,1052.787562521814,116.6659197452295,0.0,0.0,0.0,0.0,0.1378049195190553,14.249905779917508,0.1507246904365351,2133.8611316806864,169.5353792819048,315.2517383341205,2.9897930272264444,2024,Q4,3104.67,rincon_de_la_victoria,4,2024_Q4,20244.0,2759.3210714285715,345.3489285714286,2969.0,3065.0,,,39.67000000000007,647.6674074074076,-302.318478835979,0,0,0,0,0,0,4,3197.860996788908,93.1909967889078,3.0016393622803004
11316400000481.0,29082,Rincón de la Victoria,Málaga,8,Añoreta Golf - Paraíso del Sol,8,2326138.995907699,2.3261389959076992,128,3,1,0,0,1,1,0,6,0,0,31,42,0,0,0,14,0,2,4,0,12,0,1204.8264967641014,12732.595474755975,1378.6165820517813,561.724773392763,531.8171080089852,524.0928345388807,1347.3618996747853,15,131789.9461202382,0.0566560925001007,651,0.0,0.0,0.0,0.0,0.0,0.0,0.0,0.0,131789.9461202382,0.0566560925001007,5496.300132175591,0.0023628425222418,0.0,0.0,0.0,0.0,0.0,0.0,0.0,0.0,0.0,0.0,0.0,0.0,5496.300132175591,0.0023628425222418,0.0,0.0,0.0,0.0,0.0,0.0,0.0,0.0,0.0,0.0,0.0,0.0,0.0,0.0,0.0,0.0,886443.3068031434,0.3810792512238667,288572.47341138247,0.1240564187776648,0.0,0.0,0.0,0.0,5600.822637286993,0.0024077764257167,1580234.103146489,0.6793377807287284,893818.6659976923,0.3842498954577342,0.0,0.0,0.0,0.0,6437.890624032354,2728.9280849072334,11294.808660829834,2450.97213785623,17072.513567272665,0.0,2011.584696864816,0.0,0.0,0.0,0.0,0.0,2.189639512758541,11.990551249583,0.0417050032566167,6437.890624032354,55.02680631947887,279.86289776547454,2.767629378707948,2024,Q4,2330.67,rincon_de_la_victoria,4,2024_Q4,20244.0,2759.3210714285715,-428.6510714285714,2271.0,2133.33,,,197.34000000000012,-284.00259259259246,-144.64847883597895,0,0,0,0,0,0,4,2405.396526690705,74.72652669070476,3.206225106544674
11316400000481.0,29082,Rincón de la Victoria,Málaga,9,Añoreta baja,9,1152814.669026958,1.152814669026958,131,4,0,1,0,0,0,0,0,1,0,64,11,0,4,0,8,0,0,4,1,18,0,381.5929397411506,12907.04169569486,530.0685811974826,1727.658776918159,441.7751814147792,1359.6363790607104,1232.1819863172034,9,44154.56944720559,0.0383015333110521,217,6033.0307046331445,0.0052333049420037,0.0,0.0,2223.510939972502,0.0019287670427105,0.0,0.0,35898.02780259997,0.0311394613263378,19493.443030706043,0.0169094335407439,0.0,0.0,7228.284335753414,0.0062701182852353,0.0,0.0,0.0,0.0,0.0,0.0,0.0,0.0,5968.904244224165,0.0051776789492644,0.0,0.0,2820.7914627784176,0.0024468733254056,0.0,0.0,0.0,0.0,0.0,0.0,0.0,0.0,0.0,0.0,3475.4629879500458,0.0030147629808384,750877.4512350411,0.6513427278547946,259107.1047020248,0.2247604161046338,1559.4769229835158,0.001352755967531,0.0,0.0,1796.100066677779,0.0015580128488422,1079680.552368719,0.9365603868313296,753383.8459030706,0.6535168801581698,1550.4051471237883,0.0013448867270507,0.0,0.0,2018.320940960911,805.0253658475647,8195.05258244476,2549.960265836103,8444.556006678578,0.0,1138.8922109627588,558.9524095076974,0.0,0.0,0.0,0.0,5.868183246718415,24.45229487822797,0.4414818958561545,2018.320940960911,113.63491766683671,188.23493995193564,1.7507765950484393,2024,Q4,3065.0,rincon_de_la_victoria,4,2024_Q4,20244.0,2759.3210714285715,305.6789285714285,2768.0,2515.0,,,550.0,97.6674074074076,208.0115211640209,0,0,0,0,0,0,4,3142.444341053846,77.44434105384607,2.5267321714142277
11316400000703.0,29901,Torremolinos,Málaga,1,El Pinillo,1,11533079.121571263,11.533079121571264,629,13,1,4,0,2,1,2,68,4,23,89,162,0,2,1,1,0,21,17,2,104,0,1909.148950993133,1911.549735722146,1774.674401435165,1790.8190835844016,1134.0208499453815,1358.4391331558782,1372.955127580793,4,232761.7597422008,0.0201821003123829,179,39015.632960319526,0.0033829329140164,31637.68801408548,0.0027432126044215,11261.75144250624,0.0009764739601449,0.0,0.0,150846.68732528956,0.0130794808337999,216625.7652544536,0.0187829948074561,0.0,0.0,52048.58707394295,0.0045129827451363,0.0,0.0,0.0,0.0,936.0147398581366,8.115913625420566e-05,726.0984055517895,6.295789683725556e-05,42159.31773480836,0.0036555127464576,532.7734766207666,4.6195250288734834e-05,0.0,0.0,91243.70758263452,0.0079114785063751,0.0,0.0,24002.708301621293,0.0020812055521865,30.438090674009235,2.6391989817427315e-06,0.0,0.0,4800.358504569216,0.0004162252295304,126577.8977830042,0.010975204145288,333018.300317752,0.0288750555517199,367354.0309279429,0.0318522076416566,0.0,0.0,0.0,0.0,3091002.635211312,0.2680119162132475,346262.56453779823,0.0300234274722138,61909.6805254917,0.005368009693933,0.0,0.0,16400.973561066156,1808.6143811689328,27688.71219748602,11333.420620729192,52067.46350061682,2587.8097395360805,3024.12201555454,5780.931083068849,425.6559380064269,0.0,2042.2088846036631,1336.5636148043975,1.4307259950481612,13.27968407964231,0.9306759215665428,18988.78330060224,54.53877436976303,15.520573310314122,1.422081075503078,2024,Q4,3083.0,torremolinos,4,2024_Q4,20244.0,3204.823125,-121.82312499999988,2999.33,2557.0,,,526.0,-221.8125,99.98937500000012,0,0,0,0,0,0,4,3170.4347600759775,87.43476007597747,2.8360285460907386
11316400000703.0,29901,Torremolinos,Málaga,2,La Leala - El saltillo,2,452883.7488539974,0.4528837488539974,156,3,0,1,0,0,0,0,3,0,0,89,53,0,0,0,1,0,1,0,0,0,1,630.1663382833051,633.3385669666787,198.8787595849348,903.7040078958844,202.14620504839817,679.1253407816652,618.6496367463606,2,7388.318383369509,0.016313940171325,11,2495.0655185365745,0.005509284722294,0.0,0.0,2141.867058743491,0.0047293970343678,0.0,0.0,2751.385806089444,0.0060752584146631,14807.502226312276,0.0326960335048056,0.0,0.0,8308.417700318663,0.0183455858624707,0.0,0.0,0.0,0.0,0.0,0.0,0.0,0.0,4103.526228886189,0.0090608820459333,0.0,0.0,0.0,0.0,0.0,0.0,0.0,0.0,2395.558297107424,0.0052895655964014,0.0,0.0,0.0,0.0,0.0,0.0,0.0,0.0,0.0,0.0,0.0,0.0,0.0,0.0,0.0,0.0,1495.2234924626823,0.0033015613747375,7388.318383369509,0.016313940171325,0.0,0.0,0.0,0.0,797.8498779738552,579.2938395844182,7129.825614305591,875.1475406924169,233.99311388269348,299.71241617902825,242.6595540192696,219.91859004877625,0.0,0.0,0.0,0.0,0.0,0.2023766999031781,2.004177602529766,1097.5622941528834,344.4592578001556,24.28879381924174,1.7617101077103772,2024,Q4,3042.67,torremolinos,4,2024_Q4,20244.0,3204.823125,-162.15312499999982,2826.0,2547.0,,,495.6700000000001,-231.8125,69.65937500000018,0,0,0,0,0,0,4,3134.0997333566966,91.42973335669649,3.0049178306124715
11316400000703.0,29901,Torremolinos,Málaga,3,La Carihuela - Los Nidos,3,789279.9853813964,0.7892799853813963,471,123,0,6,7,0,2,8,7,5,3,49,93,0,0,0,14,0,53,23,0,1,2,694.7820838456761,697.5652873675398,394.7383557263906,955.6275260894472,177.31008192624637,176.55595661104113,269.4380815610198,19,147799.26768676666,0.187258349919195,356,10640.90558777997,0.0134817881928655,9896.523122769837,0.012538672341967,378.6815067841612,0.0004797809570721,0.0,0.0,131453.67965185505,0.1665488572959745,37159.85925774382,0.0470807063982338,3982.602450357469,0.0050458677834494,1118.9347020006985,0.00141766511596,1714.643531293309,0.0021724148122985,0.0,0.0,0.0,0.0,0.0,0.0,7989.204365028865,0.0101221423487234,0.0,0.0,22291.02865160251,0.0282422322426319,0.0,0.0,0.0,0.0,0.0,0.0,0.0,0.0,0.0,0.0,35.62352317978812,4.513420312130947e-05,21706.783425759622,0.0275020066741847,6151.103394264867,0.0077933097356985,0.0,0.0,0.0,0.0,187.9870668995629,0.0002381753881782,136503.6260686475,0.1729470258930817,164460.27222861283,0.2083674681667523,0.0,0.0,0.0,0.0,246.11709432387013,913.0785667744772,8624.805366681969,1131.9804308763037,8725.608552274265,0.0,146.84366792146915,530.9216706226641,0.0,0.0,0.0,0.0,0.0416179558295199,0.9235744412280732,0.251421132452739,246.11709432387013,596.7464128365084,451.0439978127324,0.3118248262749768,2024,Q4,4068.33,torremolinos,4,2024_Q4,20244.0,3204.823125,863.506875,3955.33,3463.0,,,605.3299999999999,684.1875,179.31937500000004,0,0,0,0,0,0,4,4170.458914689361,102.12891468936141,2.510339984449674
11316400000703.0,29901,Torremolinos,Málaga,4,Montemar,4,666806.8250129751,0.6668068250129752,294,3,0,1,1,0,4,2,8,0,13,103,82,0,1,1,16,0,0,8,0,1,1,303.398671322814,301.8119592566269,395.9895819354848,553.5452033311682,363.22647846075137,240.57385034160484,500.00810025867366,17,32549.217963545863,0.0488135645026016,97,6533.108318879135,0.0097976026546399,2532.728197622449,0.0037982937525769,0.0,0.0,0.0,0.0,23483.381447044267,0.0352176680953847,13501.900333116577,0.0202485934856078,0.0,0.0,0.0,0.0,0.0,0.0,0.0,0.0,0.0,0.0,0.0,0.0,4545.834672405333,0.0068173187524241,0.0,0.0,4721.820925301332,0.0070812426450635,208.11152117734176,0.0003121016662858,0.0,0.0,3789.399269281039,0.0056829041442509,8.352266112018114,1.2525765782099771e-05,0.0,0.0,3.7052037753388567,5.556637449334383e-06,0.0,0.0,25.9182261502666,3.886916746804784e-05,0.0,0.0,0.0,0.0,0.0,0.0,70090.63425418492,0.1051138525056654,32549.217963545863,0.0488135645026016,367.10025337315807,0.0005505346370232,0.0,0.0,1492.4549130600194,1310.9725233747686,8720.901614674198,1214.4731240505605,5045.666411172907,798.8523259256808,72.99581570223032,1514.9617464121577,0.0,0.0,0.0,7.482319610426119,0.0007962779990136,2.15337383314496,0.4148148919529642,2291.3072389857,440.9073047419381,145.46941687063944,2.2382118134903286,2024,Q4,3238.33,torremolinos,4,2024_Q4,20244.0,3204.823125,33.50687500000004,3133.0,3025.33,,,213.0,246.51749999999996,-213.0106249999999,0,0,0,0,0,0,4,3333.1745615995083,94.84456159950832,2.9288108870778555
11316400000703.0,29901,Torremolinos,Málaga,5,Centro,5,1368411.6278905007,1.3684116278905007,584,51,1,13,10,1,2,6,9,0,7,49,277,0,1,1,20,0,26,7,1,0,2,348.6091247620988,417.2202920004122,105.2548110473441,409.0676965259563,51.7322549767885,191.25625474070787,247.07787514215448,33,226908.75424194583,0.1658190778397148,452,80224.79293473145,0.0586262139984906,3989.237327346597,0.0029152319711695,5522.297915140921,0.0040355531936351,0.0,0.0,137205.8767884571,0.1002665236044283,86072.64384635596,0.0628996729434715,344.22374961262057,0.0002515498572189,17848.231203410134,0.0130430280184949,1642.8342643800734,0.0012005410001613,0.0,0.0,5672.688996665533,0.0041454551255241,22014.786345623183,0.016087839285289,30231.565583876345,0.0220924500842486,0.0,0.0,4251.520110071573,0.0031069014786329,0.0,0.0,0.0,0.0,8392.368554234754,0.0061329269520839,0.0,0.0,0.0,0.0,4049.100303329928,0.0029589782933749,41329.69776634612,0.0302026794598776,9009.098321269064,0.0065836171935758,1913.3025190422672,0.0013981922398538,0.0,0.0,0.0,0.0,110601.6201970019,0.0808248175788317,264196.9041475266,0.1930682981368727,80.4977123758664,5.882565650217331e-05,207.4381466284029,0.0001515904588944,2559.1636713985085,4340.301254786748,22116.105106839263,3801.953041899372,8282.995120448164,1133.9949958488726,0.0,7882.500009381335,0.0,0.0,0.0,0.0,0.0397036172153289,0.4874277352850977,0.3793271182221556,3693.158667247381,426.7721700818017,330.3099672550931,1.870170948008994,2024,Q4,3167.67,torremolinos,4,2024_Q4,20244.0,3204.823125,-37.15312499999982,2954.67,2547.0,,,620.6700000000001,-231.8125,194.65937500000015,0,0,0,0,0,0,4,3261.2460038533136,93.57600385331352,2.954095718724284
11316400000703.0,29901,Torremolinos,Málaga,6,El Pinar - Palacio de Congresos,6,999645.3994624112,0.999645399462411,188,0,0,0,0,0,0,0,0,0,1,137,45,0,0,0,0,0,0,1,0,0,0,1082.3419330197062,1137.281489254904,639.5809706658616,1301.6466736306472,826.6999812054347,1010.8294218009556,821.6287623411837,0,8378.99582346248,0.0083819680738475,3,0.0,0.0,0.0,0.0,0.0,0.0,0.0,0.0,8378.99582346248,0.0083819680738475,8998.25897566953,0.0090014508949959,0.0,0.0,0.0,0.0,0.0,0.0,0.0,0.0,0.0,0.0,0.0,0.0,0.0,0.0,885.5641922589364,0.0008858783251892,0.0,0.0,0.0,0.0,0.0,0.0,41.10375654762511,4.111833713207691e-05,0.0,0.0,0.0,0.0,8112.694783410593,0.0081155725698066,0.0,0.0,13039.475021718865,0.0130441004667567,0.0,0.0,0.0,0.0,0.0,0.0,33821.79893704534,0.0338337964194443,8378.99582346248,0.0083819680738475,0.0,0.0,454.814532361435,0.0004549758670484,2253.790446389652,1518.4253303735943,11252.905158631413,291.44539223287467,1151.6033348716835,0.0,0.0,0.0,0.0,0.0,0.0,0.0,1.556209752921718,4.036497886572827,1.0739066069706245,2253.790446389652,188.066688548862,3.0010641789712023,2.254589925189167,2024,Q4,2611.0,torremolinos,4,2024_Q4,20244.0,3204.823125,-593.8231249999999,2364.67,1885.33,,,725.6700000000001,-893.4825000000001,299.6593750000002,0,0,0,0,0,0,4,2704.545395142419,93.54539514241878,3.5827420583078813
11316400000703.0,29901,Torremolinos,Málaga,7,Playamar,7,3551213.988756905,3.551213988756905,833,47,1,4,3,1,0,2,23,4,9,195,402,0,6,2,16,0,8,5,1,15,14,231.6470940492722,235.16118071683425,515.7217662003643,533.1083895934887,385.3744033735704,1494.72103950575,530.1548972254317,22,116657.40425815315,0.0328500069631086,200,8550.375079708574,0.0024077329912472,13678.231733853778,0.0038517058609137,6757.22774003291,0.0019027937379798,21.64946401023672,6.09635580361494e-06,87649.92024054773,0.0246816780171643,291286.6591863073,0.0820245302334685,4149.785533178604,0.0011685540624464,27571.920310126225,0.0077640830424239,36720.56210487124,0.010340284258039,0.0,0.0,0.0,0.0,0.0,0.0,82321.9757430705,0.0231813616424413,14310.959665728502,0.0040298781518198,132641.12315151477,0.0373509238168848,0.0,0.0,43.66925507692982,1.2296993426807309e-05,2757.477716987219,0.0007764887516543,0.0,0.0,0.0,0.0,6.003172818250048,1.6904565135348114e-06,93875.123247333,0.0264346568651003,136972.4017071242,0.0385705851972809,11336.874493381309,0.0031923940740472,0.0,0.0,0.0,0.0,926641.431780138,0.2609365233167791,220069.28347116584,0.0619701556053513,18332.609076309487,0.0051623498708752,0.0,0.0,7804.856437833137,3470.058578060013,36033.81498460673,12440.732264366732,27213.988857741,3861.483842590848,341.5707362487572,3052.426460442499,0.0,0.0,0.0,0.0,1.1741423750766946,7.94327147655038,2.496941030328577,11666.340280423983,234.5676725303704,56.31876891485483,2.197799530679707,2024,Q4,4104.0,torremolinos,4,2024_Q4,20244.0,3204.823125,899.1768750000001,4013.67,3628.67,,,475.3299999999999,849.8575000000001,49.31937500000004,0,0,0,0,0,0,4,4217.696295885878,113.69629588587759,2.7703775800652433
11316400000703.0,29901,Torremolinos,Málaga,8,El Bajondillo,8,544230.7634690789,0.544230763469079,319,87,1,6,2,2,1,0,7,0,2,26,66,0,0,0,4,0,19,15,0,34,2,248.3137679012284,544.4531067989285,121.54319677072225,307.7337618507998,12.699016826965527,268.26434410174096,253.42738310573367,8,95852.68404640105,0.1761250750240748,159,12689.804930234988,0.0233169563024086,11843.285631329756,0.0217615144646314,408.1307435844837,0.0007499222222994,0.0,0.0,70942.49615729766,0.1303537045665893,26449.18316516309,0.0485992063303599,1868.751481019185,0.0034337483406987,0.0,0.0,0.0,0.0,0.0,0.0,0.0,0.0,0.0,0.0,7339.095662196813,0.0134852642570503,0.0,0.0,17589.952525986857,0.0323207611673099,0.0,0.0,0.0,0.0,0.0,0.0,0.0,0.0,0.0,0.0,0.0,0.0,11052.25218122757,0.0203080254243207,4041.398503211073,0.0074258913212661,0.0,0.0,0.0,0.0,1706.0904586981562,0.0031348658936938,80669.50148445505,0.1482266474064147,103072.39129306108,0.1893909683385938,42.582341242220366,7.824317201546753e-05,0.0,0.0,0.0,1135.6210967194795,6175.232712729739,1278.9301381407786,6200.8057604421965,906.9990487767128,50.35633123289017,132.16806857995803,0.0,0.0,0.0,0.0,0.042162601322802,0.8415987751012001,0.2759357594210241,906.9990487767128,586.1484160994592,292.1554801248088,0.0,2024,Q4,4123.67,torremolinos,4,2024_Q4,20244.0,3204.823125,918.8468750000002,3880.0,3580.33,,,543.3400000000001,801.5174999999999,117.32937500000024,0,0,0,0,0,0,4,4230.492387633211,106.82238763321129,2.5904688695557914
